,level_0,index,Date,Unnamed: 2,Tm,Unnamed: 4,Opp,W/L,R,RA,W-L,Rank,GB,Save,D/N,cLI,Streak,BA,OBP,OPS,Team_Hits,Hits_allowed,HR_allowed,ERA,predict
0,0,119,2023-8-9,boxscore,ARI,,LAD,L,0,2,0.496,3,11.0,Phillips,N,0.85,-8,0.253,0.322,0.74,4,8,0,4.64,0
1,1,120,2023-8-11,boxscore,ARI,,SDP,L,5,10,0.491,3,12.5,,N,0.72,-8,0.252,0.322,0.739,5,14,2,4.68,0
2,2,121,2023-8-12,boxscore,ARI,,SDP,W,3,0,0.496,3,12.5,Sewald,N,0.62,-9,0.253,0.322,0.74,10,5,0,4.64,1
3,3,122,2023-8-13,boxscore,ARI,,SDP,W,5,4,0.5,3,12.5,Sewald,D,0.68,1,0.253,0.323,0.742,10,11,0,4.64,1
4,4,123,2023-8-14,boxscore,ARI,@,COL,L,4,6,0.496,3,13.0,Lawrence,N,0.69,2,0.252,0.321,0.74,5,11,2,4.65,0
5,5,124,2023-8-15,boxscore,ARI,@,COL,W,8,5,0.5,3,13.0,Sewald,N,0.61,-1,0.253,0.322,0.742,14,10,1,4.66,1
6,6,125,2023-8-16,boxscore,ARI,@,COL,W,9,7,0.504,3,13.0,Sewald,D,0.77,1,0.254,0.324,0.745,12,13,2,4.68,1
7,7,126,2023-8-17,boxscore,ARI,@,SDP,W,3,1,0.508,3,13.0,Martinez,N,0.89,2,0.253,0.323,0.743,3,3,0,4.64,1
8,8,127,2023-8-18,boxscore,ARI,@,SDP,L,0,4,0.504,3,13.0,,N,0.97,3,0.253,0.322,0.741,6,4,1,4.64,0
9,9,128,2023-8-19,boxscore,ARI,@,SDP,W,6,4,0.508,3,13.0,Sewald,D,0.92,-1,0.253,0.323,0.742,9,7,3,4.64,1
10,10,129,2023-8-19,boxscore,ARI,@,SDP,W,8,1,0.512,3,13.0,,N,1.01,1,0.254,0.323,0.743,13,5,1,4.61,1
11,11,130,2023-8-21,boxscore,ARI,,TEX,W-wo,4,3,0.516,3,12.5,,N,1.04,2,0.253,0.323,0.742,7,5,1,4.58,0
12,12,131,2023-8-22,boxscore,ARI,,TEX,W,6,3,0.52,2,11.5,Sewald,N,1.09,3,0.254,0.323,0.742,9,13,1,4.57,1
13,13,132,2023-8-24,boxscore,ARI,,CIN,W,3,2,0.523,2,12.0,Sewald,N,1.34,4,0.254,0.324,0.742,10,3,1,4.55,1
14,14,133,2023-8-25,boxscore,ARI,,CIN,W,10,8,0.527,2,12.0,Ginkel,N,1.36,5,0.254,0.325,0.744,10,8,3,4.57,1
15,15,134,2023-8-26,boxscore,ARI,,CIN,L,7,8,0.523,2,12.0,Sims,N,1.43,6,0.254,0.324,0.743,8,13,1,4.58,0
16,16,135,2023-8-27,boxscore,ARI,,CIN,W,5,2,0.527,2,12.0,Thompson,D,1.43,-1,0.254,0.325,0.744,8,4,0,4.56,1
17,17,136,2023-8-28,boxscore,ARI,@,LAD,L,4,7,0.523,2,13.0,Ferguson,N,1.13,1,0.254,0.324,0.744,8,11,4,4.58,0
18,18,137,2023-8-29,boxscore,ARI,@,LAD,L,1,9,0.519,3,14.0,,N,1.13,-1,0.254,0.324,0.743,6,16,2,4.62,0
19,19,138,2023-8-30,boxscore,ARI,@,LAD,L,0,7,0.515,3,15.0,Yarbrough,N,1.09,-2,0.253,0.323,0.741,6,11,2,4.63,0
20,20,140,2023-9-1,boxscore,ARI,,BAL,W,4,2,0.519,2,13.5,Sewald,N,1.05,-3,0.254,0.324,0.742,10,8,0,4.61,1
21,21,141,2023-9-2,boxscore,ARI,,BAL,L,3,7,0.515,2,13.5,,N,1.14,1,0.253,0.323,0.741,5,11,2,4.63,0
22,22,142,2023-9-3,boxscore,ARI,,BAL,L,5,8,0.511,2,14.5,,D,1.08,-1,0.253,0.323,0.741,9,14,0,4.65,0
23,23,143,2023-9-4,boxscore,ARI,,COL,W,4,2,0.514,2,14.0,Sewald,D,1.0,-2,0.253,0.322,0.74,6,5,0,4.64,1
24,24,144,2023-9-5,boxscore,ARI,,COL,L,2,3,0.511,2,14.0,Kinley,N,1.03,1,0.252,0.322,0.739,6,7,0,4.62,0
25,25,145,2023-9-6,boxscore,ARI,,COL,W,12,5,0.514,2,13.0,,D,0.87,-1,0.253,0.323,0.742,13,6,0,4.63,1
26,26,146,2023-9-7,boxscore,ARI,@,CHC,W,6,2,0.518,2,13.0,Sewald,N,1.26,1,0.253,0.324,0.744,10,5,0,4.61,1
27,27,147,2023-9-8,boxscore,ARI,@,CHC,W,1,0,0.521,2,13.0,,D,1.5,2,0.252,0.323,0.741,4,3,0,4.57,1
28,28,148,2023-9-9,boxscore,ARI,@,CHC,W,3,2,0.524,2,12.0,Sewald,D,1.64,3,0.252,0.323,0.74,8,8,0,4.54,1
29,29,149,2023-9-10,boxscore,ARI,@,CHC,L,2,5,0.521,2,13.0,Merryweather,D,1.73,4,0.252,0.323,0.739,9,9,3,4.55,0
30,0,117,2023-8-10,boxscore,ATL,@,PIT,L,5,7,0.637,1,up 9.5,Holderman,D,0.23,-1,0.273,0.342,0.841,12,10,0,3.95,0
31,1,118,2023-8-11,boxscore,ATL,@,NYM,W,7,0,0.64,1,up 9.5,,N,0.27,-1,0.273,0.342,0.84,11,7,0,3.92,1
32,2,119,2023-8-12,boxscore,ATL,@,NYM,W,21,3,0.643,1,up11.0,,D,0.25,1,0.275,0.344,0.848,22,6,1,3.91,1
33,3,120,2023-8-12,boxscore,ATL,@,NYM,W,6,0,0.647,1,up11.0,,N,0.25,2,0.275,0.344,0.846,7,5,0,3.87,1
34,4,121,2023-8-13,boxscore,ATL,@,NYM,L,6,7,0.641,1,up11.0,Ottavino,N,0.15,3,0.274,0.344,0.845,7,10,0,3.9,0
35,5,122,2023-8-14,boxscore,ATL,,NYY,W,11,3,0.644,1,up11.5,,N,0.19,-1,0.275,0.345,0.848,15,11,0,3.89,1
36,6,123,2023-8-15,boxscore,ATL,,NYY,W,5,0,0.647,1,up12.5,,N,0.15,1,0.275,0.345,0.847,6,1,0,3.86,1
37,7,124,2023-8-16,boxscore,ATL,,NYY,W,2,0,0.65,1,up12.5,Iglesias,N,0.12,2,0.274,0.345,0.845,3,4,0,3.82,1
38,8,125,2023-8-18,boxscore,ATL,,SFG,W,4,0,0.653,1,up13.5,,N,0.1,3,0.274,0.345,0.845,10,2,0,3.79,1
39,9,126,2023-8-19,boxscore,ATL,,SFG,W,6,5,0.656,1,up13.5,Iglesias,N,0.09,4,0.274,0.345,0.845,11,11,1,3.8,1
40,10,127,2023-8-20,boxscore,ATL,,SFG,L,3,4,0.65,1,up13.5,,D,0.07,5,0.274,0.344,0.843,6,10,2,3.8,0
41,11,128,2023-8-21,boxscore,ATL,,NYM,L,4,10,0.645,1,up12.5,,N,0.08,-1,0.274,0.344,0.843,9,14,3,3.85,0
42,12,129,2023-8-22,boxscore,ATL,,NYM,W,3,2,0.648,1,up12.5,Iglesias,N,0.12,-2,0.273,0.344,0.843,9,5,1,3.84,1
43,13,130,2023-8-23,boxscore,ATL,,NYM,W,7,0,0.651,1,up13.5,,N,0.08,1,0.274,0.345,0.843,12,3,0,3.81,1
44,14,131,2023-8-25,boxscore,ATL,@,SFG,W,5,1,0.654,1,up13.5,,N,0.06,2,0.274,0.344,0.842,7,6,0,3.79,1
45,15,132,2023-8-26,boxscore,ATL,@,SFG,W,7,3,0.656,1,up13.5,,D,0.08,3,0.274,0.344,0.843,9,8,1,3.78,1
46,16,133,2023-8-27,boxscore,ATL,@,SFG,L,5,8,0.651,1,up12.5,Doval,D,0.08,4,0.273,0.343,0.841,6,8,1,3.82,0
47,17,134,2023-8-28,boxscore,ATL,@,COL,W,14,4,0.654,1,up12.5,,N,0.11,-1,0.275,0.345,0.844,18,9,1,3.82,1
48,18,135,2023-8-29,boxscore,ATL,@,COL,W,3,1,0.656,1,up12.5,Iglesias,N,0.07,1,0.276,0.345,0.845,15,3,0,3.8,1
49,19,136,2023-8-30,boxscore,ATL,@,COL,W,7,3,0.659,1,up13.5,,N,0.1,2,0.276,0.345,0.845,12,5,1,3.79,1
50,20,137,2023-8-31,boxscore,ATL,@,LAD,W,8,7,0.662,1,up14.0,Iglesias,N,0.07,3,0.276,0.345,0.845,9,9,4,3.81,1
51,21,139,2023-9-1,boxscore,ATL,@,LAD,W,6,3,0.664,1,up15.0,Yates,N,0.07,4,0.276,0.345,0.847,14,6,1,3.78,1
52,22,140,2023-9-2,boxscore,ATL,@,LAD,W,4,2,0.667,1,up16.0,Iglesias,N,0.03,5,0.276,0.344,0.845,5,6,0,3.76,1
53,23,141,2023-9-3,boxscore,ATL,@,LAD,L,1,3,0.662,1,up15.0,Graterol,D,0.02,6,0.275,0.344,0.844,5,11,0,3.76,0
54,24,142,2023-9-5,boxscore,ATL,,STL,L,6,10,0.657,1,up14.5,,N,0.03,-1,0.275,0.344,0.845,11,12,4,3.8,0
55,25,143,2023-9-6,boxscore,ATL,,STL,L,6,11,0.652,1,up13.5,,N,0.02,-2,0.275,0.344,0.845,10,14,4,3.85,0
56,26,144,2023-9-7,boxscore,ATL,,STL,W,8,5,0.655,1,up14.0,,N,0.03,-3,0.275,0.344,0.847,10,8,0,3.86,1
57,27,145,2023-9-8,boxscore,ATL,,PIT,W,8,2,0.657,1,up15.0,,N,0.03,1,0.276,0.344,0.848,12,6,1,3.84,1
58,28,146,2023-9-9,boxscore,ATL,,PIT,L,4,8,0.652,1,up14.0,,N,0.03,2,0.276,0.345,0.847,12,14,2,3.87,0
59,29,147,2023-9-10,boxscore,ATL,,PIT,W,5,2,0.655,1,up15.0,Iglesias,D,0.05,-1,0.276,0.344,0.845,7,7,0,3.86,1
60,0,117,2023-8-8,boxscore,BAL,,HOU,L,6,7,0.619,1,up 2.0,Pressly,N,0.94,-1,0.253,0.321,0.744,8,10,1,4.07,0
61,1,118,2023-8-9,boxscore,BAL,,HOU,L,2,8,0.614,1,up 2.0,,N,1.03,-1,0.253,0.321,0.743,7,11,1,4.1,0
62,2,119,2023-8-10,boxscore,BAL,,HOU,W,5,4,0.617,1,up 3.0,Bautista,D,1.17,-2,0.253,0.32,0.744,8,10,2,4.09,1
63,3,120,2023-8-11,boxscore,BAL,@,SEA,L,2,9,0.612,1,up 2.0,,N,1.01,1,0.252,0.32,0.742,4,12,3,4.14,0
64,4,121,2023-8-12,boxscore,BAL,@,SEA,W,1,0,0.615,1,up 2.0,,N,1.14,-1,0.251,0.318,0.738,4,4,0,4.1,1
65,5,122,2023-8-13,boxscore,BAL,@,SEA,W,5,3,0.619,1,up 3.0,Fujinami,D,1.0,1,0.251,0.318,0.737,9,6,1,4.09,1
66,6,123,2023-8-14,boxscore,BAL,@,SDP,W,4,1,0.622,1,up 3.0,Bautista,N,0.93,2,0.251,0.318,0.737,9,4,1,4.06,1
67,7,124,2023-8-15,boxscore,BAL,@,SDP,L,3,10,0.617,1,up 3.0,,N,0.86,3,0.251,0.318,0.737,11,13,1,4.12,0
68,8,125,2023-8-16,boxscore,BAL,@,SDP,L,2,5,0.612,1,up 2.0,Hader,N,0.91,-1,0.25,0.317,0.736,5,8,1,4.13,0
69,9,126,2023-8-18,boxscore,BAL,@,OAK,W,9,4,0.615,1,up 2.0,,N,1.03,-2,0.252,0.318,0.738,16,12,0,4.13,1
70,10,127,2023-8-19,boxscore,BAL,@,OAK,W,7,2,0.618,1,up 2.5,,N,0.94,1,0.252,0.318,0.739,9,6,2,4.1,1
71,11,128,2023-8-20,boxscore,BAL,@,OAK,W,12,1,0.621,1,up 3.0,,D,0.91,2,0.253,0.319,0.743,17,4,1,4.08,1
72,12,129,2023-8-22,boxscore,BAL,,TOR,L,3,6,0.616,1,up 2.0,Romano,N,0.92,3,0.253,0.319,0.742,9,12,2,4.08,0
73,13,130,2023-8-23,boxscore,BAL,,TOR,W,7,0,0.619,1,up 2.0,,N,1.09,-1,0.253,0.319,0.743,10,5,0,4.05,1
74,14,131,2023-8-24,boxscore,BAL,,TOR,W,5,3,0.622,1,up 2.0,Bautista,N,1.0,1,0.254,0.319,0.743,10,6,1,4.04,1
75,15,132,2023-8-25,boxscore,BAL,,COL,W,5,4,0.625,1,up 3.0,Coulombe,N,0.9,2,0.254,0.319,0.745,10,7,1,4.04,1
76,16,133,2023-8-26,boxscore,BAL,,COL,W,5,4,0.628,1,up 3.0,Cano,N,0.79,3,0.254,0.319,0.744,6,8,0,4.04,1
77,17,134,2023-8-27,boxscore,BAL,,COL,L,3,4,0.623,1,up 2.0,,D,0.81,4,0.253,0.318,0.743,5,9,1,4.03,0
78,18,135,2023-8-28,boxscore,BAL,,CHW,W,9,0,0.626,1,up 2.5,,N,0.97,-1,0.254,0.319,0.744,11,2,0,4.0,1
79,19,136,2023-8-29,boxscore,BAL,,CHW,W,9,3,0.629,1,up 2.5,,N,0.87,1,0.255,0.32,0.745,14,10,1,3.99,1
80,20,137,2023-8-30,boxscore,BAL,,CHW,L,5,10,0.624,1,up 1.5,,D,0.9,2,0.255,0.32,0.745,9,15,3,4.04,0
81,21,139,2023-9-1,boxscore,BAL,@,ARI,L,2,4,0.619,1,up 1.5,Sewald,N,1.01,-1,0.255,0.32,0.744,8,10,2,4.04,0
82,22,140,2023-9-2,boxscore,BAL,@,ARI,W,7,3,0.622,1,up 2.5,,N,0.98,-2,0.255,0.32,0.745,11,5,1,4.04,1
83,23,141,2023-9-3,boxscore,BAL,@,ARI,W,8,5,0.625,1,up 2.5,,D,0.84,1,0.256,0.321,0.746,14,9,3,4.04,1
84,24,142,2023-9-4,boxscore,BAL,@,LAA,W,6,3,0.628,1,up 3.5,Cano,N,0.85,2,0.256,0.321,0.746,10,8,2,4.03,1
85,25,143,2023-9-5,boxscore,BAL,@,LAA,W,5,4,0.63,1,up 3.5,Fujinami,N,0.67,3,0.257,0.321,0.747,13,12,0,4.03,1
86,26,144,2023-9-6,boxscore,BAL,@,LAA,W,10,3,0.633,1,up 3.5,,N,0.66,4,0.257,0.322,0.748,12,7,1,4.02,1
87,27,145,2023-9-8,boxscore,BAL,@,BOS,W,11,2,0.636,1,up 4.0,,N,0.52,5,0.258,0.324,0.751,14,4,1,4.01,1
88,28,146,2023-9-9,boxscore,BAL,@,BOS,W,13,12,0.638,1,up 4.0,,D,0.53,6,0.259,0.324,0.755,14,23,1,4.05,1
89,29,147,2023-9-10,boxscore,BAL,@,BOS,L,3,7,0.634,1,up 3.0,,D,0.52,7,0.258,0.324,0.753,7,8,1,4.04,0
90,0,118,2023-8-9,boxscore,BOS,,KCR,W,4,3,0.518,4,11.0,Jansen,N,0.48,1,0.261,0.327,0.759,7,7,3,4.39,1
91,1,119,2023-8-10,boxscore,BOS,,KCR,W,2,0,0.522,4,11.0,Jansen,N,0.52,1,0.261,0.327,0.758,8,7,0,4.35,1
92,2,120,2023-8-11,boxscore,BOS,,DET,W,5,2,0.526,4,10.0,Murphy,N,0.59,2,0.262,0.328,0.758,9,2,1,4.33,1
93,3,121,2023-8-12,boxscore,BOS,,DET,L,2,6,0.521,4,11.0,Foley,D,0.66,3,0.261,0.327,0.757,8,12,4,4.34,0
94,4,122,2023-8-13,boxscore,BOS,,DET,W,6,3,0.525,4,11.0,Jansen,D,0.59,-1,0.262,0.328,0.76,12,7,1,4.32,1
95,5,123,2023-8-15,boxscore,BOS,@,WSN,W,5,4,0.529,4,10.5,Jansen,N,0.67,1,0.262,0.327,0.759,7,6,0,4.32,1
96,6,124,2023-8-16,boxscore,BOS,@,WSN,L,2,6,0.525,4,10.5,,N,0.74,2,0.261,0.327,0.756,4,9,4,4.34,0
97,7,125,2023-8-17,boxscore,BOS,@,WSN,L,7,10,0.521,4,11.0,Finnegan,D,0.66,-1,0.261,0.327,0.758,11,10,0,4.38,0
98,8,126,2023-8-18,boxscore,BOS,@,NYY,W,8,3,0.525,4,11.0,,N,0.6,-2,0.262,0.327,0.758,12,10,1,4.37,1
99,9,127,2023-8-19,boxscore,BOS,@,NYY,W,8,1,0.528,4,11.0,,D,0.68,1,0.262,0.327,0.76,12,2,1,4.34,1
100,10,128,2023-8-20,boxscore,BOS,@,NYY,W,6,5,0.532,4,11.0,Jansen,D,0.75,2,0.262,0.327,0.761,9,8,3,4.35,1
101,11,129,2023-8-21,boxscore,BOS,@,HOU,L,4,9,0.528,4,11.5,,N,0.97,3,0.262,0.328,0.761,11,16,3,4.38,0
102,12,130,2023-8-22,boxscore,BOS,@,HOU,L,3,7,0.524,4,11.5,,N,0.81,-1,0.262,0.328,0.761,10,8,1,4.37,0
103,13,131,2023-8-23,boxscore,BOS,@,HOU,W,7,5,0.528,4,11.5,Winckowski,N,0.66,-2,0.262,0.328,0.761,9,12,1,4.37,1
104,14,132,2023-8-24,boxscore,BOS,@,HOU,W,17,1,0.531,4,11.5,,D,0.88,1,0.265,0.331,0.768,25,10,0,4.34,1
105,15,133,2023-8-25,boxscore,BOS,,LAD,L,4,7,0.527,4,12.5,Phillips,N,0.81,2,0.266,0.331,0.769,14,10,0,4.36,0
106,16,134,2023-8-26,boxscore,BOS,,LAD,W,8,5,0.531,4,12.5,Schreiber,D,0.8,-1,0.266,0.331,0.771,10,10,1,4.37,1
107,17,135,2023-8-27,boxscore,BOS,,LAD,L,4,7,0.527,4,12.5,Phillips,D,0.81,1,0.265,0.331,0.771,7,14,2,4.39,0
108,18,136,2023-8-28,boxscore,BOS,,HOU,L,5,13,0.523,4,13.5,Urquidy,N,0.88,-1,0.266,0.332,0.772,10,18,3,4.45,0
109,19,137,2023-8-29,boxscore,BOS,,HOU,L,2,6,0.519,4,14.5,,N,0.59,-2,0.265,0.331,0.77,6,9,2,4.46,0
110,20,138,2023-8-30,boxscore,BOS,,HOU,L,4,7,0.515,4,14.5,Pressly,D,0.44,-3,0.265,0.331,0.769,7,12,0,4.48,0
111,21,140,2023-9-1,boxscore,BOS,@,KCR,L,2,13,0.511,4,14.5,,N,0.28,-4,0.264,0.33,0.766,5,17,4,4.55,0
112,22,141,2023-9-2,boxscore,BOS,@,KCR,W,9,5,0.515,4,14.5,Pivetta,N,0.23,-5,0.264,0.33,0.768,13,11,1,4.55,1
113,23,142,2023-9-3,boxscore,BOS,@,KCR,W,7,3,0.518,4,14.5,,D,0.33,1,0.264,0.33,0.768,8,8,0,4.54,1
114,24,143,2023-9-4,boxscore,BOS,@,TBR,W,7,3,0.522,4,14.5,,D,0.4,2,0.264,0.33,0.768,7,5,0,4.53,1
115,25,144,2023-9-5,boxscore,BOS,@,TBR,L-wo,6,8,0.518,4,15.5,,N,0.5,3,0.264,0.33,0.767,11,6,2,4.54,0
116,26,145,2023-9-6,boxscore,BOS,@,TBR,L,1,3,0.514,4,16.5,Fairbanks,N,0.35,-1,0.263,0.329,0.765,5,8,2,4.53,0
117,27,146,2023-9-8,boxscore,BOS,,BAL,L,2,11,0.511,4,17.5,,N,0.27,-2,0.262,0.328,0.763,4,14,2,4.58,0
118,28,147,2023-9-9,boxscore,BOS,,BAL,L,12,13,0.507,4,18.5,,D,0.19,-3,0.264,0.329,0.766,23,14,5,4.63,0
119,29,148,2023-9-10,boxscore,BOS,,BAL,W,7,3,0.51,4,17.5,,D,0.11,-4,0.264,0.329,0.766,8,7,0,4.62,1
120,0,119,2023-8-9,boxscore,CHC,@,NYM,L,3,4,0.513,2,2.5,Bickford,N,1.22,-1,0.256,0.334,0.754,7,8,2,4.15,0
121,1,120,2023-8-11,boxscore,CHC,@,TOR,W,6,2,0.517,2,2.5,,N,1.09,-1,0.256,0.333,0.754,10,5,1,4.13,1
122,2,121,2023-8-12,boxscore,CHC,@,TOR,W,5,4,0.521,2,2.5,Alzolay,D,1.14,1,0.256,0.333,0.754,7,8,1,4.13,1
123,3,122,2023-8-13,boxscore,CHC,@,TOR,L,4,11,0.517,2,3.5,,D,1.18,2,0.255,0.332,0.752,5,14,1,4.19,0
124,4,123,2023-8-15,boxscore,CHC,,CHW,L,3,5,0.513,2,3.5,Santos,N,1.1,-1,0.255,0.332,0.751,5,10,1,4.2,0
125,5,124,2023-8-16,boxscore,CHC,,CHW,W-wo,4,3,0.517,2,2.5,,N,1.07,-2,0.254,0.332,0.751,6,6,1,4.18,0
126,6,125,2023-8-18,boxscore,CHC,,KCR,L,3,4,0.512,3,3.0,Hernández,D,1.08,1,0.255,0.332,0.751,10,7,1,4.16,0
127,7,126,2023-8-19,boxscore,CHC,,KCR,W,6,4,0.516,2,3.0,Alzolay,D,1.01,-1,0.255,0.332,0.752,9,10,0,4.16,1
128,8,127,2023-8-20,boxscore,CHC,,KCR,W,4,3,0.52,2,3.0,Alzolay,D,1.1,1,0.254,0.331,0.751,5,7,0,4.15,1
129,9,128,2023-8-21,boxscore,CHC,@,DET,W,7,6,0.524,2,2.5,Leiter,N,1.13,2,0.254,0.331,0.751,9,11,2,4.17,1
130,10,129,2023-8-22,boxscore,CHC,@,DET,L,6,8,0.52,2,3.5,Lange,N,1.12,3,0.254,0.33,0.751,8,9,2,4.2,0
131,11,130,2023-8-23,boxscore,CHC,@,DET,W,6,4,0.524,2,3.5,Alzolay,D,1.06,-1,0.254,0.33,0.75,9,5,1,4.2,1
132,12,131,2023-8-24,boxscore,CHC,@,PIT,W,5,4,0.528,2,3.0,Alzolay,N,1.14,1,0.254,0.33,0.749,10,6,1,4.18,1
133,13,132,2023-8-25,boxscore,CHC,@,PIT,L,1,2,0.523,2,4.0,Bednar,N,1.18,2,0.254,0.329,0.747,5,7,0,4.17,0
134,14,133,2023-8-26,boxscore,CHC,@,PIT,W,10,6,0.527,2,4.0,Alzolay,N,1.18,-1,0.254,0.33,0.748,10,7,1,4.18,1
135,15,134,2023-8-27,boxscore,CHC,@,PIT,W,10,1,0.531,2,4.0,,D,1.09,1,0.254,0.33,0.748,12,4,0,4.16,1
136,16,135,2023-8-28,boxscore,CHC,,MIL,L,2,6,0.527,2,5.0,,N,1.23,2,0.253,0.329,0.747,5,10,2,4.14,0
137,17,136,2023-8-29,boxscore,CHC,,MIL,W,1,0,0.53,2,4.0,Alzolay,N,1.23,-1,0.253,0.329,0.746,8,7,0,4.11,1
138,18,137,2023-8-30,boxscore,CHC,,MIL,W,3,2,0.534,2,3.0,,D,1.2,1,0.253,0.328,0.744,3,5,0,4.08,1
139,19,139,2023-9-1,boxscore,CHC,@,CIN,W,6,2,0.537,2,3.5,Thompson,D,1.32,2,0.253,0.329,0.746,10,7,0,4.07,1
140,20,140,2023-9-1,boxscore,CHC,@,CIN,L-wo,2,3,0.533,2,3.5,,N,1.21,3,0.252,0.328,0.745,5,8,1,4.06,0
141,21,141,2023-9-2,boxscore,CHC,@,CIN,L-wo,1,2,0.529,2,4.5,,N,1.34,-1,0.252,0.328,0.743,5,9,0,4.05,0
142,22,142,2023-9-3,boxscore,CHC,@,CIN,W,15,7,0.533,2,3.5,,D,1.49,-2,0.253,0.329,0.747,18,11,3,4.07,1
143,23,143,2023-9-4,boxscore,CHC,,SFG,W,5,0,0.536,2,2.5,,D,1.28,1,0.253,0.328,0.746,6,2,0,4.04,1
144,24,144,2023-9-5,boxscore,CHC,,SFG,W,11,8,0.54,2,2.5,,N,1.18,2,0.254,0.329,0.749,15,12,4,4.06,1
145,25,145,2023-9-6,boxscore,CHC,,SFG,W,8,2,0.543,2,1.5,,D,1.05,3,0.254,0.33,0.75,11,10,0,4.04,1
146,26,146,2023-9-7,boxscore,CHC,,ARI,L,2,6,0.539,2,2.0,Sewald,N,1.09,4,0.254,0.329,0.748,5,10,3,4.06,0
147,27,147,2023-9-8,boxscore,CHC,,ARI,L,0,1,0.535,2,3.0,,D,1.25,-1,0.253,0.328,0.746,3,4,0,4.04,0
148,28,148,2023-9-9,boxscore,CHC,,ARI,L,2,3,0.531,2,4.0,Sewald,D,1.5,-2,0.253,0.328,0.744,8,8,0,4.02,0
149,29,149,2023-9-10,boxscore,CHC,,ARI,W,5,2,0.535,2,3.0,Merryweather,D,1.55,-3,0.253,0.328,0.746,9,9,0,4.01,1
150,0,118,2023-8-7,boxscore,CHW,,NYY,W,5,1,0.404,4,14.0,Shaw,N,0.01,3,0.237,0.294,0.682,6,6,0,4.58,1
151,1,119,2023-8-8,boxscore,CHW,,NYY,L,1,7,0.4,4,14.0,,N,0.01,3,0.237,0.294,0.68,6,13,2,4.6,0
152,2,120,2023-8-9,boxscore,CHW,,NYY,W,9,2,0.405,4,13.0,Santos,N,0.01,-1,0.238,0.295,0.682,11,6,1,4.58,1
153,3,121,2023-8-11,boxscore,CHW,,MIL,L,6,7,0.402,4,12.5,Uribe,N,0.01,1,0.238,0.295,0.682,10,11,1,4.59,0
154,4,122,2023-8-12,boxscore,CHW,,MIL,L,2,3,0.398,4,13.5,Williams,N,0.01,-1,0.237,0.295,0.681,5,7,0,4.57,0
155,5,123,2023-8-13,boxscore,CHW,,MIL,L,3,7,0.395,4,14.5,,D,0.01,-2,0.237,0.295,0.68,9,7,1,4.59,0
156,6,124,2023-8-15,boxscore,CHW,@,CHC,W,5,3,0.4,4,14.5,Santos,N,0.01,-3,0.238,0.295,0.681,10,5,2,4.58,1
157,7,125,2023-8-16,boxscore,CHW,@,CHC,L-wo,3,4,0.397,4,14.5,,N,0.0,1,0.237,0.295,0.68,6,6,2,4.58,0
158,8,126,2023-8-18,boxscore,CHW,@,COL,L,1,14,0.393,4,15.5,,N,0.0,-1,0.237,0.294,0.678,4,13,3,4.66,0
159,9,127,2023-8-19,boxscore,CHW,@,COL,L,5,11,0.39,4,15.5,,N,0.0,-2,0.237,0.294,0.679,11,13,1,4.72,0
160,10,128,2023-8-20,boxscore,CHW,@,COL,W,10,5,0.395,4,15.5,,D,0.0,-3,0.238,0.295,0.682,14,8,1,4.71,1
161,11,129,2023-8-21,boxscore,CHW,,SEA,L,2,14,0.392,4,16.0,,N,0.0,1,0.238,0.295,0.681,8,15,4,4.79,0
162,12,130,2023-8-22,boxscore,CHW,,SEA,L,3,6,0.389,4,16.0,Muñoz,N,0.0,-1,0.239,0.295,0.681,10,9,1,4.8,0
163,13,131,2023-8-23,boxscore,CHW,,SEA,W-wo,5,4,0.394,4,15.0,,D,0.0,-2,0.239,0.295,0.681,10,8,0,4.79,0
164,14,132,2023-8-24,boxscore,CHW,,OAK,L,5,8,0.391,4,16.0,May,N,0.0,1,0.24,0.295,0.683,12,9,5,4.81,0
165,15,133,2023-8-25,boxscore,CHW,,OAK,L,4,12,0.388,4,17.0,,N,0.0,-1,0.239,0.295,0.683,6,15,2,4.86,0
166,16,134,2023-8-26,boxscore,CHW,,OAK,W,6,2,0.392,4,16.0,,N,0.0,-2,0.239,0.295,0.686,9,4,0,4.82,1
167,17,135,2023-8-27,boxscore,CHW,,OAK,W,6,1,0.397,4,16.0,,D,0.0,1,0.24,0.296,0.687,13,2,0,4.79,1
168,18,136,2023-8-28,boxscore,CHW,@,BAL,L,0,9,0.394,4,17.0,,N,0.0,2,0.239,0.295,0.684,2,11,1,4.83,0
169,19,137,2023-8-29,boxscore,CHW,@,BAL,L,3,9,0.391,4,17.0,,N,0.0,-1,0.24,0.295,0.684,10,14,0,4.87,0
170,20,138,2023-8-30,boxscore,CHW,@,BAL,W,10,5,0.396,4,16.0,,D,0.0,-2,0.241,0.296,0.688,15,9,1,4.87,1
171,21,140,2023-9-1,boxscore,CHW,,DET,L,2,4,0.393,4,17.0,Lange,N,0.0,1,0.241,0.296,0.688,9,11,0,4.86,0
172,22,141,2023-9-2,boxscore,CHW,,DET,L,0,10,0.39,4,18.0,,N,0.0,-1,0.241,0.296,0.686,4,18,1,4.89,0
173,23,142,2023-9-3,boxscore,CHW,,DET,L,2,3,0.387,4,18.0,Lange,D,0.0,-2,0.24,0.295,0.684,6,5,1,4.88,0
174,24,143,2023-9-4,boxscore,CHW,@,KCR,L,1,12,0.384,4,19.0,,D,0.0,-3,0.239,0.294,0.682,3,16,3,4.93,0
175,25,144,2023-9-5,boxscore,CHW,@,KCR,L-wo,6,7,0.381,4,20.0,,N,0.0,-4,0.24,0.295,0.684,13,10,3,4.93,0
176,26,145,2023-9-6,boxscore,CHW,@,KCR,W,6,4,0.386,4,19.0,Shaw,N,0.0,-5,0.241,0.295,0.687,14,4,2,4.92,1
177,27,146,2023-9-8,boxscore,CHW,@,DET,W,6,0,0.39,4,19.0,,N,0.0,1,0.241,0.295,0.687,8,3,0,4.89,1
178,28,147,2023-9-9,boxscore,CHW,@,DET,L,1,3,0.387,4,20.0,Lange,N,0.0,2,0.24,0.295,0.685,4,6,1,4.88,0
179,29,148,2023-9-10,boxscore,CHW,@,DET,L,2,3,0.385,4,20.0,Lange,D,0.0,-1,0.24,0.294,0.684,5,9,0,4.87,0
180,0,120,2023-8-8,boxscore,CIN,,MIA,L,2,3,0.517,2,1.5,Robertson,N,1.41,-1,0.25,0.327,0.742,6,7,1,4.83,0
181,1,121,2023-8-9,boxscore,CIN,,MIA,L,4,5,0.513,2,2.5,Robertson,D,1.37,-1,0.25,0.326,0.742,10,8,3,4.83,0
182,2,122,2023-8-11,boxscore,CIN,@,PIT,W,9,2,0.517,2,2.5,,N,1.16,-2,0.25,0.327,0.743,11,6,1,4.81,1
183,3,123,2023-8-13,boxscore,CIN,@,PIT,L,2,4,0.513,2,3.5,Bednar,D,1.2,1,0.25,0.327,0.743,7,3,1,4.8,0
184,4,124,2023-8-13,boxscore,CIN,@,PIT,W,6,5,0.517,2,3.5,Duarte,N,1.11,-1,0.251,0.328,0.744,12,9,3,4.8,1
185,5,125,2023-8-15,boxscore,CIN,,CLE,L,0,3,0.512,2,3.5,Clase,N,1.14,1,0.25,0.327,0.742,6,7,0,4.79,0
186,6,126,2023-8-16,boxscore,CIN,,CLE,W,7,2,0.516,2,2.5,,N,1.13,-1,0.251,0.328,0.743,11,9,1,4.76,1
187,7,127,2023-8-18,boxscore,CIN,,TOR,W-wo,1,0,0.52,2,2.0,,N,1.12,1,0.25,0.327,0.742,4,3,0,4.72,0
188,8,128,2023-8-19,boxscore,CIN,,TOR,L,3,4,0.516,2,3.0,Romano,N,1.16,2,0.249,0.327,0.741,6,9,1,4.72,0
189,9,129,2023-8-20,boxscore,CIN,,TOR,L,3,10,0.512,3,4.0,Francis,D,1.13,-1,0.249,0.326,0.739,7,12,5,4.75,0
190,10,130,2023-8-22,boxscore,CIN,@,LAA,W,4,3,0.516,3,4.0,Díaz,N,1.03,-2,0.249,0.326,0.739,7,6,3,4.74,1
191,11,131,2023-8-23,boxscore,CIN,@,LAA,W,9,4,0.52,2,3.5,,D,1.09,1,0.249,0.326,0.739,9,10,1,4.73,1
192,12,132,2023-8-23,boxscore,CIN,@,LAA,W,7,3,0.523,2,3.5,,N,1.18,2,0.249,0.327,0.741,12,6,0,4.72,1
193,13,133,2023-8-24,boxscore,CIN,@,ARI,L,2,3,0.519,3,4.0,Sewald,N,1.45,3,0.248,0.326,0.739,3,10,1,4.71,0
194,14,134,2023-8-25,boxscore,CIN,@,ARI,L,8,10,0.515,3,5.0,Ginkel,N,1.36,-1,0.248,0.326,0.739,8,10,0,4.76,0
195,15,135,2023-8-26,boxscore,CIN,@,ARI,W,8,7,0.519,3,5.0,Sims,N,1.4,-2,0.249,0.326,0.741,13,8,1,4.73,1
196,16,136,2023-8-27,boxscore,CIN,@,ARI,L,2,5,0.515,3,6.0,Thompson,D,1.44,1,0.248,0.325,0.738,4,8,1,4.74,0
197,17,137,2023-8-28,boxscore,CIN,@,SFG,L,1,4,0.511,3,7.0,Doval,N,1.36,-1,0.247,0.325,0.736,6,8,0,4.74,0
198,18,138,2023-8-29,boxscore,CIN,@,SFG,L,1,6,0.507,3,7.0,,N,1.32,-2,0.246,0.323,0.732,1,7,1,4.74,0
199,19,139,2023-8-30,boxscore,CIN,@,SFG,W,4,1,0.511,3,6.0,Díaz,D,1.23,-3,0.247,0.323,0.733,11,4,0,4.7,1
200,20,141,2023-9-1,boxscore,CIN,,CHC,L,2,6,0.507,3,6.5,Thompson,D,1.34,1,0.246,0.323,0.731,7,10,3,4.71,0
201,21,142,2023-9-1,boxscore,CIN,,CHC,W-wo,3,2,0.511,3,6.5,,N,1.2,-1,0.246,0.323,0.731,8,5,1,4.69,0
202,22,143,2023-9-2,boxscore,CIN,,CHC,W-wo,2,1,0.514,3,6.5,,N,1.38,1,0.247,0.323,0.732,9,5,1,4.66,0
203,23,144,2023-9-3,boxscore,CIN,,CHC,L,7,15,0.511,3,6.5,,D,1.56,2,0.247,0.323,0.734,11,18,2,4.72,0
204,24,145,2023-9-4,boxscore,CIN,,SEA,W,6,3,0.514,3,5.5,Gibaut,D,1.19,-1,0.247,0.324,0.734,8,9,2,4.7,1
205,25,146,2023-9-5,boxscore,CIN,,SEA,W-wo,7,6,0.518,3,5.5,,N,1.28,1,0.248,0.325,0.738,13,9,3,4.71,0
206,26,147,2023-9-6,boxscore,CIN,,SEA,L,4,8,0.514,3,5.5,,N,1.3,2,0.248,0.325,0.738,10,11,3,4.74,0
207,27,148,2023-9-8,boxscore,CIN,,STL,L,4,9,0.51,3,6.5,,N,1.3,-1,0.249,0.326,0.739,10,9,1,4.77,0
208,28,149,2023-9-9,boxscore,CIN,,STL,L,3,4,0.507,3,7.5,Helsley,N,1.07,-2,0.248,0.326,0.738,6,8,1,4.76,0
209,29,150,2023-9-10,boxscore,CIN,,STL,W,7,1,0.51,3,6.5,,D,0.88,-3,0.249,0.326,0.741,10,1,0,4.73,1
210,0,119,2023-8-9,boxscore,CLE,,TOR,L,0,1,0.478,2,4.5,Hicks,N,0.61,-1,0.249,0.311,0.689,6,8,1,3.77,0
211,1,120,2023-8-10,boxscore,CLE,,TOR,W,4,3,0.483,2,3.5,Clase,D,0.58,-1,0.248,0.311,0.689,5,10,0,3.76,1
212,2,121,2023-8-11,boxscore,CLE,@,TBR,L-wo,8,9,0.479,2,3.5,,N,0.69,1,0.248,0.312,0.69,10,7,2,3.79,0
213,3,122,2023-8-12,boxscore,CLE,@,TBR,L-wo,5,6,0.475,2,4.5,,D,0.69,-1,0.249,0.312,0.691,13,12,1,3.81,0
214,4,123,2023-8-13,boxscore,CLE,@,TBR,W,9,2,0.479,2,4.5,,D,0.58,-2,0.251,0.313,0.694,15,8,0,3.8,1
215,5,124,2023-8-15,boxscore,CLE,@,CIN,W,3,0,0.483,2,4.5,Clase,N,0.59,1,0.25,0.313,0.693,7,6,0,3.76,1
216,6,125,2023-8-16,boxscore,CLE,@,CIN,L,2,7,0.479,2,4.5,,N,0.62,2,0.25,0.313,0.693,9,11,2,3.78,0
217,7,126,2023-8-18,boxscore,CLE,,DET,L,2,4,0.475,2,5.0,Foley,N,0.64,-1,0.25,0.312,0.691,5,8,2,3.78,0
218,8,127,2023-8-18,boxscore,CLE,,DET,W,4,1,0.48,2,5.0,Clase,N,0.59,-2,0.25,0.312,0.691,7,6,0,3.76,1
219,9,128,2023-8-19,boxscore,CLE,,DET,L,3,4,0.476,2,5.0,Foley,N,0.57,1,0.25,0.312,0.691,9,7,2,3.76,0
220,10,129,2023-8-20,boxscore,CLE,,DET,L,1,4,0.472,2,6.0,Lange,D,0.6,-1,0.249,0.311,0.688,4,8,2,3.76,0
221,11,130,2023-8-22,boxscore,CLE,,LAD,W,8,3,0.476,2,5.0,,N,0.4,-2,0.249,0.312,0.69,12,6,1,3.76,1
222,12,131,2023-8-23,boxscore,CLE,,LAD,L,1,6,0.472,2,5.0,,D,,1,0.249,0.311,0.688,4,14,0,3.77,0
223,13,132,2023-8-24,boxscore,CLE,,LAD,L,3,9,0.469,2,6.0,,D,0.56,-1,0.249,0.311,0.688,10,15,2,3.8,0
224,14,133,2023-8-25,boxscore,CLE,@,TOR,W,5,2,0.473,2,6.0,Clase,N,0.42,-2,0.249,0.311,0.69,8,6,2,3.78,1
225,15,134,2023-8-26,boxscore,CLE,@,TOR,L,3,8,0.469,2,6.0,,D,0.44,1,0.248,0.31,0.689,5,11,1,3.82,0
226,16,135,2023-8-27,boxscore,CLE,@,TOR,W,10,7,0.473,2,6.0,,D,0.41,-1,0.249,0.311,0.691,13,8,3,3.83,1
227,17,136,2023-8-28,boxscore,CLE,@,MIN,L,6,10,0.47,2,7.0,Winder,N,0.79,1,0.248,0.31,0.691,7,12,3,3.88,0
228,18,137,2023-8-29,boxscore,CLE,@,MIN,W,4,2,0.474,2,6.0,Clase,N,0.62,-1,0.249,0.31,0.691,11,7,2,3.87,1
229,19,138,2023-8-30,boxscore,CLE,@,MIN,W,5,2,0.478,2,5.0,Clase,D,0.9,1,0.248,0.31,0.691,7,4,0,3.85,1
230,20,140,2023-9-1,boxscore,CLE,,TBR,W,3,2,0.481,2,5.0,Clase,N,0.61,2,0.248,0.31,0.69,8,5,0,3.84,1
231,21,141,2023-9-2,boxscore,CLE,,TBR,W-wo,7,6,0.485,2,5.0,,N,0.59,3,0.249,0.31,0.691,13,10,3,3.84,0
232,22,142,2023-9-3,boxscore,CLE,,TBR,L,2,6,0.482,2,5.0,Fairbanks,D,0.56,4,0.248,0.31,0.689,5,13,1,3.84,0
233,23,143,2023-9-4,boxscore,CLE,,MIN,L,6,20,0.478,2,6.0,,N,1.03,-1,0.249,0.311,0.691,13,20,6,3.96,0
234,24,144,2023-9-5,boxscore,CLE,,MIN,L,3,8,0.475,2,7.0,,N,0.61,-2,0.249,0.311,0.691,7,11,1,3.99,0
235,25,145,2023-9-6,boxscore,CLE,,MIN,W,2,1,0.479,2,6.0,Clase,D,0.35,-3,0.248,0.31,0.689,5,2,0,3.96,1
236,26,146,2023-9-7,boxscore,CLE,@,LAA,L-wo,2,3,0.475,2,6.5,,N,0.28,1,0.249,0.311,0.69,9,9,0,3.96,0
237,27,147,2023-9-8,boxscore,CLE,@,LAA,W,6,3,0.479,2,6.5,Clase,N,0.24,-1,0.249,0.312,0.691,13,5,1,3.95,1
238,28,148,2023-9-9,boxscore,CLE,@,LAA,L,2,6,0.476,2,7.5,,N,0.23,1,0.249,0.311,0.69,4,7,4,3.97,0
239,29,149,2023-9-10,boxscore,CLE,@,LAA,L,1,2,0.472,2,7.5,Estévez,D,0.11,-1,0.249,0.311,0.69,8,3,0,3.96,0
240,0,117,2023-8-8,boxscore,COL,@,MIL,W,7,3,0.398,5,21.5,,N,0.0,1,0.251,0.312,0.714,6,9,2,5.51,1
241,1,118,2023-8-9,boxscore,COL,@,MIL,L-wo,6,7,0.395,5,22.5,,D,0.0,1,0.25,0.311,0.712,7,10,2,5.5,0
242,2,119,2023-8-10,boxscore,COL,@,LAD,L,1,2,0.391,5,23.5,Graterol,N,0.0,-1,0.249,0.31,0.71,4,5,1,5.47,0
243,3,120,2023-8-11,boxscore,COL,@,LAD,L,1,6,0.388,5,24.5,,N,0.0,-2,0.249,0.309,0.708,6,11,0,5.47,0
244,4,121,2023-8-12,boxscore,COL,@,LAD,L,1,4,0.385,5,25.5,Phillips,N,0.0,-3,0.247,0.308,0.705,3,8,3,5.47,0
245,5,122,2023-8-13,boxscore,COL,@,LAD,L,3,8,0.381,5,26.5,,D,0.0,-4,0.247,0.307,0.704,5,10,1,5.49,0
246,6,123,2023-8-14,boxscore,COL,,ARI,W,6,4,0.387,5,26.0,Lawrence,N,0.0,-5,0.247,0.307,0.705,11,5,1,5.48,1
247,7,124,2023-8-15,boxscore,COL,,ARI,L,5,8,0.383,5,27.0,Sewald,N,0.0,1,0.248,0.307,0.706,10,14,1,5.49,0
248,8,125,2023-8-16,boxscore,COL,,ARI,L,7,9,0.38,5,28.0,Sewald,D,0.0,-1,0.249,0.308,0.709,13,12,2,5.52,0
249,9,126,2023-8-18,boxscore,COL,,CHW,W,14,1,0.385,5,27.5,,N,0.0,-2,0.249,0.31,0.714,13,4,1,5.49,1
250,10,127,2023-8-19,boxscore,COL,,CHW,W,11,5,0.39,5,28.0,,N,0.0,1,0.25,0.311,0.716,13,11,1,5.48,1
251,11,128,2023-8-20,boxscore,COL,,CHW,L,5,10,0.387,5,28.5,,D,0.0,2,0.25,0.311,0.716,8,14,2,5.51,0
252,12,129,2023-8-22,boxscore,COL,@,TBR,L,4,12,0.384,5,28.5,,N,0.0,-1,0.25,0.311,0.716,8,15,1,5.52,0
253,13,130,2023-8-23,boxscore,COL,@,TBR,L-wo,5,6,0.381,5,29.5,,N,0.0,-2,0.25,0.311,0.715,8,11,2,5.52,0
254,14,131,2023-8-24,boxscore,COL,@,TBR,L,3,5,0.378,5,30.5,Fairbanks,D,0.0,-3,0.25,0.311,0.715,8,8,3,5.52,0
255,15,132,2023-8-25,boxscore,COL,@,BAL,L,4,5,0.375,5,31.5,Coulombe,N,0.0,-4,0.249,0.31,0.714,7,10,3,5.52,0
256,16,133,2023-8-26,boxscore,COL,@,BAL,L,4,5,0.372,5,31.5,Cano,N,0.0,-5,0.249,0.31,0.713,8,6,0,5.51,0
257,17,134,2023-8-27,boxscore,COL,@,BAL,W,4,3,0.377,5,31.5,,D,0.0,-6,0.249,0.31,0.713,9,5,2,5.49,1
258,18,135,2023-8-28,boxscore,COL,,ATL,L,4,14,0.374,5,32.5,,N,0.0,1,0.25,0.31,0.713,9,18,2,5.55,0
259,19,136,2023-8-29,boxscore,COL,,ATL,L,1,3,0.371,5,33.5,Iglesias,N,0.0,-1,0.249,0.309,0.71,3,15,1,5.53,0
260,20,137,2023-8-30,boxscore,COL,,ATL,L,3,7,0.368,5,34.5,,N,0.0,-2,0.248,0.309,0.709,5,12,3,5.53,0
261,21,139,2023-9-1,boxscore,COL,,TOR,L,9,13,0.366,5,34.0,,N,0.0,-3,0.248,0.309,0.711,11,17,3,5.59,0
262,22,140,2023-9-2,boxscore,COL,,TOR,W,8,7,0.37,5,33.0,Kinley,N,0.0,-4,0.249,0.31,0.712,11,11,1,5.6,1
263,23,141,2023-9-3,boxscore,COL,,TOR,L,5,7,0.368,5,34.0,Romano,D,0.0,1,0.249,0.31,0.712,9,12,2,5.61,0
264,24,142,2023-9-4,boxscore,COL,@,ARI,L,2,4,0.365,5,34.5,Sewald,D,0.0,-1,0.248,0.309,0.71,5,6,0,5.6,0
265,25,143,2023-9-5,boxscore,COL,@,ARI,W,3,2,0.37,5,33.5,Kinley,N,0.0,-2,0.248,0.309,0.709,7,6,0,5.58,1
266,26,144,2023-9-6,boxscore,COL,@,ARI,L,5,12,0.367,5,33.5,,D,0.0,1,0.248,0.309,0.709,6,13,2,5.63,0
267,27,145,2023-9-8,boxscore,COL,@,SFG,L,8,9,0.364,5,35.0,Doval,N,0.0,-1,0.248,0.31,0.71,11,13,4,5.66,0
268,28,146,2023-9-9,boxscore,COL,@,SFG,L,1,9,0.362,5,35.0,,N,0.0,-2,0.248,0.309,0.709,7,13,1,5.69,0
269,29,147,2023-9-10,boxscore,COL,@,SFG,L,3,6,0.359,5,36.0,Doval,N,0.0,-3,0.247,0.308,0.707,6,11,3,5.7,0
270,0,118,2023-8-9,boxscore,DET,,MIN,W,9,5,0.447,3,8.0,Cisnero,N,0.23,2,0.235,0.3,0.672,17,7,2,4.51,1
271,1,119,2023-8-10,boxscore,DET,,MIN,W,3,0,0.452,3,7.0,Brieske,D,0.35,2,0.235,0.3,0.672,8,2,0,4.47,1
272,2,120,2023-8-11,boxscore,DET,@,BOS,L,2,5,0.448,3,7.0,Murphy,N,0.25,3,0.234,0.299,0.67,2,9,1,4.47,0
273,3,121,2023-8-12,boxscore,DET,@,BOS,W,6,2,0.453,3,7.0,Foley,D,0.27,-1,0.234,0.299,0.673,12,8,1,4.44,1
274,4,122,2023-8-13,boxscore,DET,@,BOS,L,3,6,0.449,3,8.0,Jansen,D,0.28,1,0.234,0.299,0.672,7,12,2,4.45,0
275,5,123,2023-8-15,boxscore,DET,@,MIN,L,3,5,0.445,3,9.0,Duran,N,0.34,-1,0.234,0.299,0.673,7,7,1,4.46,0
276,6,124,2023-8-16,boxscore,DET,@,MIN,W,8,7,0.45,3,8.0,,D,0.2,-2,0.235,0.3,0.677,12,13,2,4.48,1
277,7,125,2023-8-18,boxscore,DET,@,CLE,W,4,2,0.455,3,8.5,Foley,N,0.22,1,0.235,0.3,0.678,8,5,0,4.46,1
278,8,126,2023-8-18,boxscore,DET,@,CLE,L,1,4,0.451,3,8.5,Clase,N,0.26,2,0.235,0.3,0.677,6,7,0,4.46,0
279,9,127,2023-8-19,boxscore,DET,@,CLE,W,4,3,0.455,3,7.5,Foley,N,0.18,-1,0.235,0.299,0.677,7,9,1,4.44,1
280,10,128,2023-8-20,boxscore,DET,@,CLE,W,4,1,0.46,3,7.5,Lange,D,0.29,1,0.235,0.299,0.678,8,4,0,4.42,1
281,11,129,2023-8-21,boxscore,DET,,CHC,L,6,7,0.456,3,8.0,Leiter,N,0.24,2,0.235,0.3,0.679,11,9,1,4.42,0
282,12,130,2023-8-22,boxscore,DET,,CHC,W,8,6,0.46,3,7.0,Lange,N,0.19,-1,0.236,0.301,0.682,9,8,2,4.43,1
283,13,131,2023-8-23,boxscore,DET,,CHC,L,4,6,0.457,3,7.0,Alzolay,D,0.24,1,0.235,0.301,0.681,5,9,0,4.45,0
284,14,132,2023-8-25,boxscore,DET,,HOU,W-wo,4,1,0.461,3,7.5,,N,0.23,-1,0.235,0.301,0.68,5,1,0,4.41,0
285,15,133,2023-8-26,boxscore,DET,,HOU,L,2,9,0.457,3,7.5,,N,0.21,1,0.235,0.301,0.679,8,14,1,4.45,0
286,16,134,2023-8-27,boxscore,DET,,HOU,L,4,17,0.454,3,8.5,,D,0.2,-1,0.234,0.301,0.679,5,25,4,4.54,0
287,17,135,2023-8-28,boxscore,DET,,NYY,L,1,4,0.45,3,9.5,,N,0.12,-2,0.234,0.3,0.679,7,7,2,4.53,0
288,18,136,2023-8-29,boxscore,DET,,NYY,L,2,4,0.447,3,9.5,,N,0.06,-3,0.234,0.3,0.678,7,6,3,4.52,0
289,19,137,2023-8-30,boxscore,DET,,NYY,L,2,6,0.444,3,9.5,Hamilton,N,0.06,-4,0.233,0.299,0.677,4,8,3,4.53,0
290,20,138,2023-8-31,boxscore,DET,,NYY,W-wo,4,3,0.448,3,9.0,,D,0.04,-5,0.233,0.3,0.677,8,5,1,4.52,0
291,21,140,2023-9-1,boxscore,DET,@,CHW,W,4,2,0.452,3,9.0,Lange,N,0.06,1,0.233,0.3,0.677,11,9,0,4.5,1
292,22,141,2023-9-2,boxscore,DET,@,CHW,W,10,0,0.456,3,9.0,,N,0.07,2,0.235,0.302,0.68,18,4,0,4.46,1
293,23,142,2023-9-3,boxscore,DET,@,CHW,W,3,2,0.46,3,8.0,Lange,D,0.05,3,0.235,0.302,0.681,5,6,0,4.45,1
294,24,143,2023-9-5,boxscore,DET,@,NYY,L,1,5,0.457,3,9.5,,N,0.09,4,0.235,0.302,0.68,9,6,2,4.45,0
295,25,144,2023-9-6,boxscore,DET,@,NYY,L,3,4,0.453,3,9.5,Holmes,N,0.04,-1,0.235,0.301,0.678,6,11,1,4.45,0
296,26,145,2023-9-7,boxscore,DET,@,NYY,W,10,3,0.457,3,9.0,,N,0.03,-2,0.236,0.302,0.681,14,6,1,4.44,1
297,27,146,2023-9-8,boxscore,DET,,CHW,L,0,6,0.454,3,10.0,,N,0.04,1,0.235,0.301,0.679,3,8,1,4.45,0
298,28,147,2023-9-9,boxscore,DET,,CHW,W,3,1,0.458,3,10.0,Lange,N,0.02,-1,0.235,0.302,0.679,6,4,0,4.43,1
299,29,148,2023-9-10,boxscore,DET,,CHW,W,3,2,0.462,3,9.0,Lange,D,0.01,1,0.235,0.302,0.679,9,5,0,4.41,1
300,0,119,2023-8-9,boxscore,HOU,@,BAL,W,8,2,0.574,2,2.0,,N,1.65,3,0.249,0.321,0.735,11,7,1,3.79,1
301,1,120,2023-8-10,boxscore,HOU,@,BAL,L,4,5,0.569,2,2.5,Bautista,D,1.68,3,0.249,0.321,0.736,10,8,2,3.8,0
302,2,121,2023-8-11,boxscore,HOU,,LAA,W,11,3,0.573,2,2.5,,N,1.76,-1,0.25,0.323,0.74,15,7,1,3.79,1
303,3,122,2023-8-12,boxscore,HOU,,LAA,W,11,3,0.576,2,2.5,,N,1.68,1,0.251,0.324,0.742,13,5,1,3.79,1
304,4,123,2023-8-13,boxscore,HOU,,LAA,L,1,2,0.571,2,2.5,Estévez,D,1.55,2,0.251,0.324,0.74,7,4,1,3.77,0
305,5,124,2023-8-14,boxscore,HOU,@,MIA,L,1,5,0.567,2,3.5,,N,1.66,-1,0.251,0.324,0.739,8,7,3,3.78,0
306,6,125,2023-8-15,boxscore,HOU,@,MIA,W,6,5,0.57,2,3.5,Pressly,N,1.58,-2,0.251,0.324,0.74,8,8,1,3.78,1
307,7,126,2023-8-16,boxscore,HOU,@,MIA,W,12,5,0.574,2,2.5,,N,1.56,1,0.252,0.325,0.744,12,9,0,3.78,1
308,8,127,2023-8-18,boxscore,HOU,,SEA,L,0,2,0.569,2,2.5,Muñoz,N,2.01,2,0.251,0.324,0.741,4,9,2,3.77,0
309,9,128,2023-8-19,boxscore,HOU,,SEA,L,3,10,0.565,2,2.5,,N,2.08,-1,0.251,0.324,0.743,11,17,3,3.82,0
310,10,129,2023-8-20,boxscore,HOU,,SEA,L,6,7,0.56,2,2.5,Speier,D,2.31,-2,0.252,0.324,0.744,12,15,1,3.84,0
311,11,130,2023-8-21,boxscore,HOU,,BOS,W,9,4,0.563,2,1.5,,N,2.06,-3,0.253,0.325,0.747,16,11,1,3.84,1
312,12,131,2023-8-22,boxscore,HOU,,BOS,W,7,3,0.567,2,0.5,,N,2.07,1,0.253,0.325,0.747,8,10,1,3.84,1
313,13,132,2023-8-23,boxscore,HOU,,BOS,L,5,7,0.562,2,1.0,Winckowski,N,2.06,2,0.253,0.326,0.748,12,9,1,3.85,0
314,14,133,2023-8-24,boxscore,HOU,,BOS,L,1,17,0.558,2,1.0,,D,2.09,-1,0.254,0.326,0.747,10,25,3,3.95,0
315,15,134,2023-8-25,boxscore,HOU,@,DET,L-wo,1,4,0.554,3,1.0,,N,1.96,-2,0.252,0.324,0.743,1,5,1,3.96,0
316,16,135,2023-8-26,boxscore,HOU,@,DET,W,9,2,0.557,3,1.0,,N,1.96,-3,0.253,0.325,0.745,14,8,0,3.94,1
317,17,136,2023-8-27,boxscore,HOU,@,DET,W,17,4,0.561,2,1.0,,D,1.95,1,0.256,0.328,0.752,25,5,2,3.94,1
318,18,137,2023-8-28,boxscore,HOU,@,BOS,W,13,5,0.564,2,1.0,Urquidy,N,2.06,2,0.257,0.33,0.757,18,10,1,3.95,1
319,19,138,2023-8-29,boxscore,HOU,@,BOS,W,6,2,0.567,1,Tied,,N,1.97,3,0.257,0.33,0.758,9,6,1,3.93,1
320,20,139,2023-8-30,boxscore,HOU,@,BOS,W,7,4,0.57,1,Tied,Pressly,D,1.92,4,0.258,0.33,0.759,12,7,0,3.92,1
321,21,141,2023-9-1,boxscore,HOU,,NYY,L,2,6,0.566,1,Tied,,N,1.79,5,0.257,0.33,0.757,4,8,4,3.94,0
322,22,142,2023-9-2,boxscore,HOU,,NYY,L,4,5,0.562,2,1.0,Holmes,N,1.96,-1,0.257,0.33,0.757,9,8,1,3.93,0
323,23,143,2023-9-3,boxscore,HOU,,NYY,L,1,6,0.558,2,1.0,,N,1.93,-2,0.257,0.329,0.755,7,8,2,3.94,0
324,24,144,2023-9-4,boxscore,HOU,@,TEX,W,13,6,0.561,1,Tied,,D,2.85,-3,0.258,0.33,0.76,16,9,4,3.96,1
325,25,145,2023-9-5,boxscore,HOU,@,TEX,W,14,1,0.564,1,up 1.0,,N,2.92,1,0.26,0.332,0.766,20,8,0,3.94,1
326,26,146,2023-9-6,boxscore,HOU,@,TEX,W,12,3,0.567,1,up 1.0,,N,2.87,2,0.26,0.333,0.769,14,5,2,3.92,1
327,27,147,2023-9-8,boxscore,HOU,,SDP,L,2,11,0.563,1,up 0.5,,N,1.94,3,0.26,0.332,0.768,6,10,2,3.97,0
328,28,148,2023-9-9,boxscore,HOU,,SDP,W,7,5,0.566,1,up 1.5,Pressly,N,1.98,-1,0.26,0.332,0.769,11,9,1,3.98,1
329,29,149,2023-9-10,boxscore,HOU,,SDP,W,12,2,0.569,1,up 2.5,,D,2.0,1,0.261,0.333,0.77,11,7,2,3.97,1
330,0,119,2023-8-8,boxscore,KCR,@,BOS,W,9,3,0.322,5,23.0,,N,0.0,1,0.239,0.298,0.686,15,6,1,5.19,1
331,1,120,2023-8-9,boxscore,KCR,@,BOS,L,3,4,0.319,5,23.0,Jansen,N,0.0,1,0.239,0.298,0.687,7,7,1,5.18,0
332,2,121,2023-8-10,boxscore,KCR,@,BOS,L,0,2,0.316,5,23.0,Jansen,N,0.0,-1,0.239,0.297,0.686,7,8,0,5.16,0
333,3,122,2023-8-11,boxscore,KCR,,STL,W,12,8,0.322,5,22.0,,N,0.0,-2,0.24,0.299,0.691,16,11,2,5.18,1
334,4,123,2023-8-12,boxscore,KCR,,STL,L,4,5,0.319,5,23.0,Romero,N,0.0,1,0.241,0.299,0.691,11,8,2,5.17,0
335,5,124,2023-8-14,boxscore,KCR,,SEA,W-wo,7,6,0.325,5,23.0,,N,0.0,-1,0.242,0.3,0.694,14,7,0,5.17,0
336,6,125,2023-8-15,boxscore,KCR,,SEA,L,8,10,0.322,5,24.0,Saucedo,N,0.0,1,0.244,0.301,0.695,15,14,4,5.19,0
337,7,126,2023-8-16,boxscore,KCR,,SEA,L,5,6,0.32,5,24.0,Brash,N,0.0,-1,0.244,0.301,0.696,10,12,1,5.19,0
338,8,127,2023-8-17,boxscore,KCR,,SEA,L,4,6,0.317,5,24.5,Brash,D,0.0,-2,0.244,0.301,0.697,9,11,2,5.2,0
339,9,128,2023-8-18,boxscore,KCR,@,CHC,W,4,3,0.323,5,24.5,Hernández,D,0.0,-3,0.244,0.3,0.696,7,10,0,5.18,1
340,10,129,2023-8-19,boxscore,KCR,@,CHC,L,4,6,0.32,5,24.5,Alzolay,D,0.0,1,0.244,0.301,0.696,10,9,2,5.17,0
341,11,130,2023-8-20,boxscore,KCR,@,CHC,L,3,4,0.317,5,25.5,Alzolay,D,0.0,-1,0.244,0.3,0.694,7,5,2,5.17,0
342,12,131,2023-8-21,boxscore,KCR,@,OAK,L-wo,4,6,0.315,5,26.0,,N,0.0,-2,0.244,0.3,0.694,6,10,4,5.18,0
343,13,132,2023-8-22,boxscore,KCR,@,OAK,L,4,5,0.312,5,26.0,May,N,0.0,-3,0.243,0.299,0.692,6,7,1,5.18,0
344,14,133,2023-8-23,boxscore,KCR,@,OAK,W,4,0,0.318,5,25.0,Hernández,D,0.0,-4,0.243,0.3,0.693,5,2,0,5.14,1
345,15,134,2023-8-25,boxscore,KCR,@,SEA,L,5,7,0.315,5,26.5,Muñoz,N,0.0,1,0.243,0.3,0.694,10,16,1,5.16,0
346,16,135,2023-8-26,boxscore,KCR,@,SEA,L,2,15,0.313,5,26.5,,D,0.0,-1,0.242,0.299,0.693,5,13,7,5.24,0
347,17,136,2023-8-27,boxscore,KCR,@,SEA,L,2,3,0.311,5,27.5,Muñoz,D,0.0,-2,0.242,0.299,0.691,5,6,2,5.23,0
348,18,137,2023-8-28,boxscore,KCR,,PIT,L,0,5,0.308,5,28.5,,N,0.0,-3,0.241,0.298,0.688,2,12,0,5.23,0
349,19,138,2023-8-29,boxscore,KCR,,PIT,L,3,6,0.306,5,28.5,,N,0.0,-4,0.24,0.297,0.686,6,9,2,5.23,0
350,20,139,2023-8-30,boxscore,KCR,,PIT,L,1,4,0.304,5,28.5,Bednar,N,0.0,-5,0.24,0.297,0.685,4,6,2,5.23,0
351,21,141,2023-9-1,boxscore,KCR,,BOS,W,13,2,0.309,5,28.5,,N,0.0,-6,0.241,0.298,0.691,17,5,1,5.2,1
352,22,142,2023-9-2,boxscore,KCR,,BOS,L,5,9,0.307,5,29.5,Pivetta,N,0.0,1,0.242,0.299,0.692,11,13,1,5.23,0
353,23,143,2023-9-3,boxscore,KCR,,BOS,L,3,7,0.304,5,29.5,,D,0.0,-1,0.242,0.299,0.691,8,8,2,5.23,0
354,24,144,2023-9-4,boxscore,KCR,,CHW,W,12,1,0.309,5,29.5,,D,0.0,-2,0.243,0.3,0.695,16,3,0,5.19,1
355,25,145,2023-9-5,boxscore,KCR,,CHW,W-wo,7,6,0.314,5,29.5,,N,0.0,1,0.243,0.3,0.697,10,13,3,5.19,0
356,26,146,2023-9-6,boxscore,KCR,,CHW,L,4,6,0.312,5,29.5,Shaw,N,0.0,2,0.243,0.3,0.697,4,14,3,5.2,0
357,27,147,2023-9-8,boxscore,KCR,@,TOR,L,4,5,0.31,5,30.5,Romano,N,0.0,-1,0.243,0.301,0.698,9,9,0,5.2,0
358,28,148,2023-9-9,boxscore,KCR,@,TOR,L,1,5,0.308,5,31.5,,D,0.0,-2,0.242,0.3,0.695,2,8,2,5.21,0
359,29,149,2023-9-10,boxscore,KCR,@,TOR,L,2,5,0.306,5,31.5,Romano,D,0.0,-3,0.242,0.3,0.695,8,6,1,5.21,0
360,0,119,2023-8-8,boxscore,LAA,,SFG,W,7,5,0.496,4,11.5,Leone,N,0.19,1,0.255,0.329,0.774,12,5,1,4.45,1
361,1,120,2023-8-9,boxscore,LAA,,SFG,W,4,1,0.5,4,10.5,Estévez,N,0.21,1,0.254,0.329,0.772,4,5,0,4.41,1
362,2,121,2023-8-11,boxscore,LAA,@,HOU,L,3,11,0.496,4,11.5,,N,0.29,2,0.254,0.328,0.771,7,15,2,4.47,0
363,3,122,2023-8-12,boxscore,LAA,@,HOU,L,3,11,0.492,4,12.5,,N,0.22,-1,0.253,0.327,0.769,5,13,1,4.53,0
364,4,123,2023-8-13,boxscore,LAA,@,HOU,W,2,1,0.496,4,11.5,Estévez,D,0.16,-2,0.252,0.326,0.767,4,7,0,4.5,1
365,5,124,2023-8-14,boxscore,LAA,@,TEX,L,0,12,0.492,4,12.5,,N,0.21,1,0.251,0.325,0.763,1,13,2,4.56,0
366,6,125,2023-8-15,boxscore,LAA,@,TEX,L,3,7,0.488,4,13.5,,N,0.17,-1,0.251,0.324,0.761,8,11,2,4.58,0
367,7,126,2023-8-16,boxscore,LAA,@,TEX,W,2,0,0.492,4,12.5,Estévez,N,0.1,-2,0.251,0.324,0.761,8,3,0,4.54,1
368,8,127,2023-8-18,boxscore,LAA,,TBR,L,6,9,0.488,4,12.5,Kittredge,N,0.11,1,0.25,0.324,0.76,9,15,0,4.57,0
369,9,128,2023-8-19,boxscore,LAA,,TBR,W,7,6,0.492,4,12.0,López,D,0.09,-1,0.251,0.323,0.759,9,8,3,4.58,1
370,10,129,2023-8-19,boxscore,LAA,,TBR,L,4,18,0.488,4,12.0,,N,0.11,1,0.25,0.323,0.759,8,19,3,4.63,0
371,11,130,2023-8-22,boxscore,LAA,,CIN,L,3,4,0.484,4,11.0,Díaz,N,0.05,-1,0.25,0.322,0.759,6,7,1,4.6,0
372,12,131,2023-8-23,boxscore,LAA,,CIN,L,4,9,0.48,4,12.0,,D,0.03,-2,0.25,0.323,0.76,10,9,1,4.61,0
373,13,132,2023-8-23,boxscore,LAA,,CIN,L,3,7,0.477,4,12.0,,N,0.01,-3,0.25,0.323,0.758,6,12,2,4.63,0
374,14,133,2023-8-25,boxscore,LAA,@,NYM,W,3,1,0.481,4,10.5,Estévez,N,0.01,-4,0.249,0.323,0.757,6,4,1,4.6,1
375,15,134,2023-8-26,boxscore,LAA,@,NYM,W,5,3,0.485,4,10.5,Estévez,N,0.03,1,0.249,0.323,0.757,9,7,1,4.59,1
376,16,135,2023-8-27,boxscore,LAA,@,NYM,L-wo,2,3,0.481,4,11.5,,D,0.03,2,0.248,0.322,0.755,4,9,0,4.58,0
377,17,136,2023-8-28,boxscore,LAA,@,PHI,L,4,6,0.477,4,12.5,Kimbrel,N,0.01,-1,0.249,0.322,0.755,11,7,3,4.6,0
378,18,137,2023-8-29,boxscore,LAA,@,PHI,L,7,12,0.474,4,12.5,,N,0.01,-2,0.249,0.323,0.757,11,13,5,4.66,0
379,19,138,2023-8-30,boxscore,LAA,@,PHI,W,10,8,0.478,4,12.5,Estévez,D,0.0,-3,0.25,0.323,0.758,12,11,2,4.68,1
380,20,140,2023-9-1,boxscore,LAA,@,OAK,L,2,9,0.474,4,12.5,,N,0.0,1,0.25,0.323,0.758,7,14,1,4.72,0
381,21,141,2023-9-2,boxscore,LAA,@,OAK,L,1,2,0.471,4,13.5,May,D,0.0,-1,0.249,0.323,0.756,6,5,1,4.7,0
382,22,142,2023-9-3,boxscore,LAA,@,OAK,L,6,10,0.467,4,13.5,May,D,0.0,-2,0.249,0.323,0.757,9,10,2,4.73,0
383,23,143,2023-9-4,boxscore,LAA,,BAL,L,3,6,0.464,4,13.5,Cano,N,0.0,-3,0.249,0.323,0.757,8,10,1,4.74,0
384,24,144,2023-9-5,boxscore,LAA,,BAL,L,4,5,0.46,4,14.5,Fujinami,N,0.0,-4,0.25,0.323,0.757,12,13,0,4.72,0
385,25,145,2023-9-6,boxscore,LAA,,BAL,L,3,10,0.457,4,15.5,,N,0.0,-5,0.249,0.323,0.756,7,12,2,4.74,0
386,26,146,2023-9-7,boxscore,LAA,,CLE,W-wo,3,2,0.461,4,15.0,,N,0.0,-6,0.25,0.323,0.755,9,9,0,4.72,0
387,27,147,2023-9-8,boxscore,LAA,,CLE,L,3,6,0.458,4,15.0,Clase,N,0.0,1,0.249,0.323,0.754,5,13,0,4.73,0
388,28,148,2023-9-9,boxscore,LAA,,CLE,W,6,2,0.462,4,15.0,,N,0.0,-1,0.249,0.322,0.755,7,4,2,4.71,1
389,29,149,2023-9-10,boxscore,LAA,,CLE,W,2,1,0.465,4,15.0,Estévez,D,0.0,1,0.248,0.321,0.753,3,8,1,4.68,1
390,0,117,2023-8-9,boxscore,LAD,@,ARI,W,2,0,0.593,1,up 6.0,Phillips,N,1.0,4,0.251,0.338,0.795,8,4,0,4.37,1
391,1,118,2023-8-10,boxscore,LAD,,COL,W,2,1,0.596,1,up 6.5,Graterol,N,0.86,4,0.251,0.338,0.794,5,4,1,4.34,1
392,2,119,2023-8-11,boxscore,LAD,,COL,W,6,1,0.6,1,up 7.5,,N,0.79,5,0.252,0.339,0.795,11,6,0,4.3,1
393,3,120,2023-8-12,boxscore,LAD,,COL,W,4,1,0.603,1,up 8.5,Phillips,N,0.67,6,0.252,0.339,0.796,8,3,1,4.28,1
394,4,121,2023-8-13,boxscore,LAD,,COL,W,8,3,0.607,1,up 8.5,,D,0.58,7,0.252,0.34,0.796,10,5,1,4.26,1
395,5,122,2023-8-15,boxscore,LAD,,MIL,W,6,2,0.61,1,up 9.0,Yarbrough,N,0.76,8,0.252,0.339,0.795,10,2,1,4.24,1
396,6,123,2023-8-16,boxscore,LAD,,MIL,W,7,1,0.613,1,up10.0,,N,0.55,9,0.253,0.339,0.796,10,3,1,4.22,1
397,7,124,2023-8-17,boxscore,LAD,,MIL,W,1,0,0.617,1,up10.5,Phillips,N,0.43,10,0.252,0.338,0.793,4,5,0,4.18,1
398,8,125,2023-8-18,boxscore,LAD,,MIA,L,3,11,0.612,1,up10.5,,N,0.29,11,0.252,0.339,0.794,10,9,5,4.24,0
399,9,126,2023-8-19,boxscore,LAD,,MIA,W,3,1,0.615,1,up12.0,Phillips,D,0.33,-1,0.252,0.338,0.792,6,5,0,4.21,1
400,10,127,2023-8-19,boxscore,LAD,,MIA,W,3,1,0.618,1,up12.0,Graterol,N,0.29,1,0.251,0.337,0.791,5,8,1,4.19,1
401,11,128,2023-8-22,boxscore,LAD,@,CLE,L,3,8,0.613,1,up11.5,,N,0.26,2,0.251,0.336,0.789,6,12,2,4.22,0
402,12,129,2023-8-23,boxscore,LAD,@,CLE,W,6,1,0.616,1,up12.0,,D,,-1,0.252,0.337,0.79,14,4,1,4.19,1
403,13,130,2023-8-24,boxscore,LAD,@,CLE,W,9,3,0.619,1,up12.0,,D,0.37,1,0.253,0.338,0.793,15,10,1,4.18,1
404,14,131,2023-8-25,boxscore,LAD,@,BOS,W,7,4,0.622,1,up12.0,Phillips,N,0.2,2,0.253,0.338,0.792,10,14,2,4.18,1
405,15,132,2023-8-26,boxscore,LAD,@,BOS,L,5,8,0.617,1,up12.0,Schreiber,D,0.2,3,0.253,0.339,0.792,10,10,3,4.2,0
406,16,133,2023-8-27,boxscore,LAD,@,BOS,W,7,4,0.62,1,up12.0,Phillips,D,0.24,-1,0.254,0.339,0.794,14,7,3,4.2,1
407,17,134,2023-8-28,boxscore,LAD,,ARI,W,7,4,0.623,1,up13.0,Ferguson,N,0.27,1,0.255,0.339,0.797,11,8,1,4.2,1
408,18,135,2023-8-29,boxscore,LAD,,ARI,W,9,1,0.626,1,up13.5,,N,0.23,2,0.256,0.341,0.8,16,6,1,4.17,1
409,19,136,2023-8-30,boxscore,LAD,,ARI,W,7,0,0.629,1,up14.5,Yarbrough,N,0.18,3,0.257,0.341,0.801,11,6,0,4.14,1
410,20,137,2023-8-31,boxscore,LAD,,ATL,L,7,8,0.624,1,up13.5,Iglesias,N,0.14,4,0.257,0.341,0.802,9,9,3,4.16,0
411,21,139,2023-9-1,boxscore,LAD,,ATL,L,3,6,0.619,1,up13.5,Yates,N,0.15,-1,0.256,0.34,0.801,6,14,3,4.18,0
412,22,140,2023-9-2,boxscore,LAD,,ATL,L,2,4,0.615,1,up13.5,Iglesias,N,0.17,-2,0.256,0.34,0.799,6,5,2,4.16,0
413,23,141,2023-9-3,boxscore,LAD,,ATL,W,3,1,0.618,1,up14.5,Graterol,D,0.21,-3,0.256,0.341,0.799,11,5,1,4.14,1
414,24,142,2023-9-5,boxscore,LAD,@,MIA,L,3,6,0.613,1,up14.0,Scott,N,0.11,1,0.256,0.34,0.797,7,8,4,4.16,0
415,25,143,2023-9-6,boxscore,LAD,@,MIA,L,4,11,0.609,1,up13.0,,N,0.14,-1,0.255,0.339,0.796,6,13,3,4.21,0
416,26,144,2023-9-7,boxscore,LAD,@,MIA,W,10,0,0.612,1,up13.0,,N,0.16,-2,0.257,0.341,0.799,16,2,0,4.18,1
417,27,145,2023-9-8,boxscore,LAD,@,WSN,W,8,5,0.614,1,up13.0,Phillips,N,0.11,1,0.257,0.342,0.801,10,6,2,4.19,1
418,28,146,2023-9-9,boxscore,LAD,@,WSN,L-wo,6,7,0.61,1,up12.0,,D,0.09,2,0.257,0.342,0.8,9,8,1,4.19,0
419,29,147,2023-9-10,boxscore,LAD,@,WSN,W,7,3,0.613,1,up13.0,,D,0.14,-1,0.258,0.342,0.801,14,9,0,4.18,1
420,0,118,2023-8-7,boxscore,MIA,@,CIN,L,2,5,0.509,3,14.0,Díaz,N,1.08,-5,0.263,0.319,0.719,5,6,2,4.16,0
421,1,119,2023-8-8,boxscore,MIA,@,CIN,W,3,2,0.513,3,14.0,Robertson,N,1.08,-5,0.263,0.319,0.718,7,6,0,4.14,1
422,2,120,2023-8-9,boxscore,MIA,@,CIN,W,5,4,0.517,3,14.0,Robertson,D,1.13,1,0.262,0.318,0.719,8,10,2,4.14,1
423,3,121,2023-8-11,boxscore,MIA,,NYY,L,4,9,0.513,3,14.5,,N,0.99,2,0.262,0.318,0.718,6,14,2,4.18,0
424,4,122,2023-8-12,boxscore,MIA,,NYY,W,3,1,0.517,3,15.0,,D,0.95,-1,0.262,0.317,0.718,8,5,0,4.15,1
425,5,123,2023-8-13,boxscore,MIA,,NYY,W-wo,8,7,0.521,3,14.0,,D,1.03,1,0.262,0.318,0.719,11,6,2,4.17,0
426,6,124,2023-8-14,boxscore,MIA,,HOU,W,5,1,0.525,3,14.0,,N,1.07,2,0.262,0.317,0.72,7,8,0,4.15,1
427,7,125,2023-8-15,boxscore,MIA,,HOU,L,5,6,0.521,3,15.0,Pressly,N,1.07,3,0.262,0.317,0.719,8,8,3,4.16,0
428,8,126,2023-8-16,boxscore,MIA,,HOU,L,5,12,0.516,3,16.0,,N,1.07,-1,0.262,0.317,0.719,9,12,3,4.21,0
429,9,127,2023-8-18,boxscore,MIA,@,LAD,W,11,3,0.52,3,16.0,,N,1.07,-2,0.261,0.317,0.722,9,10,3,4.2,1
430,10,128,2023-8-19,boxscore,MIA,@,LAD,L,1,3,0.516,3,17.5,Phillips,D,1.12,1,0.261,0.317,0.72,5,6,0,4.2,0
431,11,129,2023-8-19,boxscore,MIA,@,LAD,L,1,3,0.512,3,17.5,Graterol,N,1.1,-1,0.26,0.316,0.719,8,5,2,4.19,0
432,12,130,2023-8-21,boxscore,MIA,@,SDP,L,2,6,0.508,3,17.0,,N,1.11,-2,0.26,0.316,0.718,7,7,2,4.21,0
433,13,131,2023-8-22,boxscore,MIA,@,SDP,W,3,0,0.512,3,17.0,Robertson,N,1.01,-3,0.26,0.316,0.717,8,3,0,4.17,1
434,14,132,2023-8-23,boxscore,MIA,@,SDP,L,0,4,0.508,3,18.0,,D,1.07,1,0.259,0.315,0.715,4,7,1,4.18,0
435,15,133,2023-8-25,boxscore,MIA,,WSN,L,4,7,0.504,3,19.0,Harvey,N,0.95,-1,0.259,0.315,0.714,9,13,1,4.2,0
436,16,134,2023-8-26,boxscore,MIA,,WSN,L,2,3,0.5,3,20.0,Finnegan,D,0.83,-2,0.259,0.315,0.715,7,5,0,4.17,0
437,17,135,2023-8-27,boxscore,MIA,,WSN,W,2,1,0.504,3,19.0,Scott,D,0.72,-3,0.258,0.314,0.714,6,7,0,4.15,1
438,18,136,2023-8-29,boxscore,MIA,,TBR,L,2,11,0.5,3,20.5,,N,0.79,1,0.258,0.314,0.714,10,15,3,4.2,0
439,19,137,2023-8-30,boxscore,MIA,,TBR,L,0,3,0.496,3,21.5,Fairbanks,N,0.63,-1,0.257,0.313,0.711,4,5,0,4.18,0
440,20,138,2023-8-31,boxscore,MIA,@,WSN,W,6,1,0.5,3,21.5,,N,0.6,-2,0.258,0.314,0.713,13,3,0,4.16,1
441,21,140,2023-9-1,boxscore,MIA,@,WSN,W,8,5,0.504,3,21.5,,N,0.68,1,0.258,0.314,0.713,9,8,3,4.14,1
442,22,141,2023-9-2,boxscore,MIA,@,WSN,W,11,5,0.507,3,21.5,,D,0.85,2,0.259,0.314,0.716,18,10,2,4.15,1
443,23,142,2023-9-3,boxscore,MIA,@,WSN,W,6,4,0.511,3,20.5,Scott,D,1.04,3,0.26,0.315,0.717,10,10,1,4.13,1
444,24,143,2023-9-5,boxscore,MIA,,LAD,W,6,3,0.514,3,19.5,Scott,N,1.12,4,0.26,0.315,0.719,8,7,1,4.12,1
445,25,144,2023-9-6,boxscore,MIA,,LAD,W,11,4,0.518,3,18.5,,N,1.22,5,0.26,0.316,0.722,13,6,2,4.12,1
446,26,145,2023-9-7,boxscore,MIA,,LAD,L,0,10,0.514,3,19.5,,N,1.3,6,0.259,0.315,0.719,2,16,1,4.16,0
447,27,146,2023-9-8,boxscore,MIA,@,PHI,W,3,2,0.518,3,19.5,Scott,N,1.38,-1,0.259,0.314,0.719,7,5,1,4.14,1
448,28,147,2023-9-9,boxscore,MIA,@,PHI,L,4,8,0.514,3,19.5,,N,1.49,1,0.259,0.314,0.719,10,7,1,4.17,0
449,29,148,2023-9-10,boxscore,MIA,@,PHI,W,5,4,0.517,3,19.5,Scott,D,1.44,-1,0.258,0.314,0.718,5,8,2,4.17,1
450,0,117,2023-8-6,boxscore,MIL,,PIT,L,1,4,0.531,1,up 1.5,,D,1.41,-1,0.233,0.312,0.688,4,6,3,4.04,0
451,1,118,2023-8-7,boxscore,MIL,,COL,W,12,1,0.535,1,up 1.5,,N,1.41,-1,0.234,0.313,0.692,13,1,1,4.02,1
452,2,119,2023-8-8,boxscore,MIL,,COL,L,3,7,0.53,1,up 1.5,,N,1.31,1,0.234,0.313,0.692,9,6,3,4.03,0
453,3,120,2023-8-9,boxscore,MIL,,COL,W-wo,7,6,0.534,1,up 2.5,,D,1.28,-1,0.234,0.312,0.693,10,7,1,4.03,0
454,4,121,2023-8-11,boxscore,MIL,@,CHW,W,7,6,0.538,1,up 2.5,Uribe,N,1.25,1,0.235,0.313,0.693,11,10,1,4.04,1
455,5,122,2023-8-12,boxscore,MIL,@,CHW,W,3,2,0.542,1,up 2.5,Williams,N,1.24,2,0.234,0.313,0.692,7,5,1,4.02,1
456,6,123,2023-8-13,boxscore,MIL,@,CHW,W,7,3,0.546,1,up 3.5,,D,1.16,3,0.234,0.313,0.692,7,9,0,4.01,1
457,7,124,2023-8-15,boxscore,MIL,@,LAD,L,2,6,0.542,1,up 3.5,Yarbrough,N,1.27,4,0.233,0.312,0.689,2,10,0,4.01,0
458,8,125,2023-8-16,boxscore,MIL,@,LAD,L,1,7,0.537,1,up 2.5,,N,1.13,-1,0.232,0.311,0.688,3,10,2,4.01,0
459,9,126,2023-8-17,boxscore,MIL,@,LAD,L,0,1,0.533,1,up 2.0,Phillips,N,1.06,-2,0.232,0.311,0.686,5,4,1,3.99,0
460,10,127,2023-8-18,boxscore,MIL,@,TEX,W,9,8,0.537,1,up 2.0,Williams,N,1.01,-3,0.233,0.312,0.688,14,8,2,4.02,1
461,11,128,2023-8-19,boxscore,MIL,@,TEX,W,6,1,0.54,1,up 3.0,,D,1.01,1,0.234,0.313,0.691,15,5,0,4.0,1
462,12,129,2023-8-20,boxscore,MIL,@,TEX,W,6,2,0.544,1,up 3.0,Williams,D,0.88,2,0.234,0.313,0.691,7,8,1,3.97,1
463,13,130,2023-8-22,boxscore,MIL,,MIN,W,7,3,0.548,1,up 3.5,,N,0.82,3,0.234,0.313,0.692,8,7,1,3.97,1
464,14,131,2023-8-23,boxscore,MIL,,MIN,W-wo,8,7,0.551,1,up 3.5,,D,0.83,4,0.235,0.314,0.694,11,10,3,3.98,0
465,15,132,2023-8-25,boxscore,MIL,,SDP,W,7,3,0.555,1,up 4.0,,N,0.78,5,0.235,0.315,0.695,10,7,2,3.97,1
466,16,133,2023-8-26,boxscore,MIL,,SDP,W,5,4,0.558,1,up 4.0,Williams,N,0.63,6,0.235,0.315,0.694,6,5,2,3.97,1
467,17,134,2023-8-27,boxscore,MIL,,SDP,W,10,6,0.562,1,up 4.0,,D,0.61,7,0.236,0.316,0.696,10,9,2,3.99,1
468,18,135,2023-8-28,boxscore,MIL,@,CHC,W,6,2,0.565,1,up 5.0,,N,0.67,8,0.236,0.315,0.697,10,5,2,3.97,1
469,19,136,2023-8-29,boxscore,MIL,@,CHC,L,0,1,0.561,1,up 4.0,Alzolay,N,0.53,9,0.236,0.315,0.695,7,8,0,3.95,0
470,20,137,2023-8-30,boxscore,MIL,@,CHC,L,2,3,0.556,1,up 3.0,,D,0.56,-1,0.235,0.315,0.693,5,3,0,3.94,0
471,21,139,2023-9-1,boxscore,MIL,,PHI,W,7,5,0.56,1,up 3.5,,N,0.52,-2,0.235,0.314,0.692,7,5,2,3.95,1
472,22,140,2023-9-2,boxscore,MIL,,PHI,W,7,5,0.563,1,up 4.5,Williams,N,0.5,1,0.236,0.315,0.694,12,7,3,3.95,1
473,23,141,2023-9-3,boxscore,MIL,,PHI,L,2,4,0.559,1,up 3.5,Kimbrel,D,0.44,2,0.236,0.315,0.694,7,6,2,3.95,0
474,24,142,2023-9-4,boxscore,MIL,@,PIT,L,2,4,0.555,1,up 2.5,Bednar,N,0.39,-1,0.235,0.315,0.693,6,9,2,3.95,0
475,25,143,2023-9-5,boxscore,MIL,@,PIT,W,7,3,0.558,1,up 2.5,,N,0.49,-2,0.235,0.315,0.694,7,8,1,3.95,1
476,26,144,2023-9-6,boxscore,MIL,@,PIT,L,4,5,0.554,1,up 1.5,Bednar,D,0.45,1,0.235,0.315,0.693,8,8,1,3.96,0
477,27,145,2023-9-8,boxscore,MIL,@,NYY,W,8,2,0.557,1,up 3.0,,N,0.51,-1,0.237,0.316,0.696,16,3,1,3.94,1
478,28,146,2023-9-9,boxscore,MIL,@,NYY,W,9,2,0.56,1,up 4.0,,D,0.38,1,0.237,0.317,0.697,11,4,0,3.92,1
479,29,147,2023-9-10,boxscore,MIL,@,NYY,L-wo,3,4,0.556,1,up 3.0,,D,0.33,2,0.236,0.316,0.694,6,3,1,3.89,0
480,0,118,2023-8-7,boxscore,MIN,@,DET,W,9,3,0.526,1,up 5.5,,N,0.96,5,0.239,0.316,0.734,12,8,1,3.83,1
481,1,119,2023-8-8,boxscore,MIN,@,DET,L,0,6,0.522,1,up 4.5,,N,0.87,5,0.238,0.316,0.732,6,11,1,3.84,0
482,2,120,2023-8-9,boxscore,MIN,@,DET,L,5,9,0.517,1,up 4.5,Cisnero,N,0.89,-1,0.238,0.316,0.733,7,17,2,3.87,0
483,3,121,2023-8-10,boxscore,MIN,@,DET,L,0,3,0.513,1,up 3.5,Brieske,D,0.93,-2,0.237,0.315,0.729,2,8,1,3.87,0
484,4,122,2023-8-11,boxscore,MIN,@,PHI,L,2,13,0.508,1,up 3.5,,N,0.85,-3,0.237,0.315,0.729,7,15,3,3.95,0
485,5,123,2023-8-12,boxscore,MIN,@,PHI,W,8,1,0.513,1,up 4.5,,N,0.82,-4,0.237,0.316,0.732,11,9,0,3.93,1
486,6,124,2023-8-13,boxscore,MIN,@,PHI,W,3,0,0.517,1,up 4.5,Duran,D,0.77,1,0.237,0.316,0.732,10,5,0,3.89,1
487,7,125,2023-8-15,boxscore,MIN,,DET,W,5,3,0.521,1,up 4.5,Duran,N,0.91,2,0.237,0.316,0.732,7,7,2,3.89,1
488,8,126,2023-8-16,boxscore,MIN,,DET,L,7,8,0.516,1,up 4.5,,D,0.83,3,0.239,0.317,0.734,13,12,4,3.92,0
489,9,127,2023-8-18,boxscore,MIN,,PIT,W,5,1,0.52,1,up 5.0,,N,0.77,-1,0.239,0.318,0.736,10,9,0,3.9,1
490,10,128,2023-8-19,boxscore,MIN,,PIT,L,4,7,0.516,1,up 5.0,Bednar,N,0.75,1,0.24,0.318,0.736,11,8,1,3.92,0
491,11,129,2023-8-20,boxscore,MIN,,PIT,W,2,0,0.52,1,up 6.0,Duran,D,0.74,-1,0.239,0.318,0.734,5,2,0,3.89,1
492,12,130,2023-8-22,boxscore,MIN,@,MIL,L,3,7,0.516,1,up 5.0,,N,0.67,1,0.239,0.317,0.733,7,8,1,3.92,0
493,13,131,2023-8-23,boxscore,MIN,@,MIL,L-wo,7,8,0.512,1,up 5.0,,D,0.72,-1,0.239,0.318,0.735,10,11,3,3.93,0
494,14,132,2023-8-24,boxscore,MIN,,TEX,W,7,5,0.516,1,up 6.0,Jax,N,0.78,-2,0.24,0.318,0.739,11,10,3,3.94,1
495,15,133,2023-8-25,boxscore,MIN,,TEX,W,12,2,0.519,1,up 6.0,,N,0.71,1,0.241,0.32,0.743,12,8,1,3.92,1
496,16,134,2023-8-26,boxscore,MIN,,TEX,L,2,6,0.515,1,up 6.0,,N,0.75,2,0.24,0.319,0.741,5,9,2,3.93,0
497,17,135,2023-8-27,boxscore,MIN,,TEX,W-wo,7,6,0.519,1,up 6.0,,D,0.64,-1,0.24,0.319,0.74,8,10,2,3.93,0
498,18,136,2023-8-28,boxscore,MIN,,CLE,W,10,6,0.523,1,up 7.0,Winder,N,0.95,1,0.241,0.32,0.743,12,7,1,3.94,1
499,19,137,2023-8-29,boxscore,MIN,,CLE,L,2,4,0.519,1,up 6.0,Clase,N,0.72,2,0.24,0.32,0.742,7,11,1,3.94,0
500,20,138,2023-8-30,boxscore,MIN,,CLE,L,2,5,0.515,1,up 5.0,Clase,D,0.99,-1,0.239,0.319,0.74,4,7,1,3.93,0
501,21,140,2023-9-1,boxscore,MIN,@,TEX,W,5,1,0.519,1,up 5.0,,N,0.67,-2,0.239,0.319,0.74,7,3,1,3.91,1
502,22,141,2023-9-2,boxscore,MIN,@,TEX,W,9,7,0.522,1,up 5.0,Duran,N,0.69,1,0.24,0.319,0.74,13,9,2,3.92,1
503,23,142,2023-9-3,boxscore,MIN,@,TEX,L-wo,5,6,0.518,1,up 5.0,,D,0.67,2,0.24,0.32,0.741,11,13,3,3.94,0
504,24,143,2023-9-4,boxscore,MIN,@,CLE,W,20,6,0.522,1,up 6.0,,N,1.15,-1,0.242,0.322,0.747,20,13,1,3.96,1
505,25,144,2023-9-5,boxscore,MIN,@,CLE,W,8,3,0.525,1,up 7.0,,N,0.75,1,0.243,0.323,0.749,11,7,1,3.95,1
506,26,145,2023-9-6,boxscore,MIN,@,CLE,L,1,2,0.521,1,up 6.0,Clase,D,0.49,2,0.242,0.322,0.746,2,5,0,3.94,0
507,27,146,2023-9-8,boxscore,MIN,,NYM,W,5,2,0.525,1,up 6.5,Duran,N,0.32,-1,0.242,0.322,0.747,8,4,0,3.93,1
508,28,147,2023-9-9,boxscore,MIN,,NYM,W,8,4,0.528,1,up 7.5,,D,0.33,1,0.243,0.323,0.749,13,7,3,3.93,1
509,29,148,2023-9-10,boxscore,MIN,,NYM,L,0,2,0.524,1,up 7.5,Ottavino,D,0.24,2,0.242,0.323,0.747,4,4,0,3.91,0
510,0,117,2023-8-8,boxscore,NYM,,CHC,L,2,3,0.451,4,21.0,Alzolay,N,0.18,-1,0.237,0.316,0.716,6,8,2,4.38,0
511,1,118,2023-8-9,boxscore,NYM,,CHC,W,4,3,0.456,4,21.0,Bickford,N,0.15,-1,0.237,0.316,0.716,8,7,2,4.37,1
512,2,119,2023-8-11,boxscore,NYM,,ATL,L,0,7,0.452,4,21.5,,N,0.14,1,0.237,0.317,0.716,7,11,1,4.38,0
513,3,120,2023-8-12,boxscore,NYM,,ATL,L,3,21,0.448,4,23.5,,D,0.1,-1,0.236,0.317,0.715,6,22,6,4.53,0
514,4,121,2023-8-12,boxscore,NYM,,ATL,L,0,6,0.444,4,23.5,,N,0.1,-2,0.235,0.316,0.713,5,7,1,4.53,0
515,5,122,2023-8-13,boxscore,NYM,,ATL,W,7,6,0.449,4,22.5,Ottavino,N,0.05,-3,0.236,0.317,0.713,10,7,2,4.55,1
516,6,123,2023-8-14,boxscore,NYM,,PIT,W,7,2,0.454,4,22.5,,N,0.06,1,0.236,0.317,0.715,9,5,0,4.52,1
517,7,124,2023-8-15,boxscore,NYM,,PIT,L,4,7,0.45,4,23.5,Bednar,N,0.09,2,0.236,0.317,0.715,7,9,1,4.55,0
518,8,125,2023-8-16,boxscore,NYM,,PIT,W,8,3,0.455,4,23.5,,D,0.07,-1,0.237,0.318,0.718,9,7,1,4.53,1
519,9,126,2023-8-17,boxscore,NYM,@,STL,W,4,2,0.459,4,23.0,Gott,N,0.09,1,0.236,0.318,0.719,7,5,1,4.51,1
520,10,127,2023-8-18,boxscore,NYM,@,STL,W,7,1,0.463,4,23.0,,N,0.12,2,0.237,0.318,0.72,13,6,0,4.48,1
521,11,128,2023-8-19,boxscore,NYM,@,STL,W,13,2,0.468,4,23.0,,N,0.16,3,0.238,0.319,0.723,13,5,1,4.46,1
522,12,129,2023-8-20,boxscore,NYM,@,STL,L,3,7,0.464,4,23.0,,D,0.19,4,0.238,0.318,0.721,7,15,1,4.49,0
523,13,130,2023-8-21,boxscore,NYM,@,ATL,W,10,4,0.468,4,22.0,,N,0.16,-1,0.239,0.319,0.724,14,9,2,4.48,1
524,14,131,2023-8-22,boxscore,NYM,@,ATL,L,2,3,0.465,4,23.0,Iglesias,N,0.19,1,0.238,0.319,0.723,5,9,2,4.47,0
525,15,132,2023-8-23,boxscore,NYM,@,ATL,L,0,7,0.461,4,24.0,,N,0.12,-1,0.238,0.318,0.72,3,12,1,4.5,0
526,16,133,2023-8-25,boxscore,NYM,,LAA,L,1,3,0.457,5,25.0,Estévez,N,0.08,-2,0.237,0.317,0.719,4,6,0,4.49,0
527,17,134,2023-8-26,boxscore,NYM,,LAA,L,3,5,0.454,5,26.0,Estévez,N,0.05,-3,0.237,0.317,0.719,7,9,1,4.49,0
528,18,135,2023-8-27,boxscore,NYM,,LAA,W-wo,3,2,0.458,5,25.0,,D,0.04,-4,0.237,0.318,0.718,9,4,1,4.47,0
529,19,136,2023-8-28,boxscore,NYM,,TEX,L,3,4,0.455,5,26.0,Leclerc,N,0.03,1,0.236,0.317,0.717,4,10,0,4.47,0
530,20,137,2023-8-29,boxscore,NYM,,TEX,L,1,2,0.451,5,27.0,Chapman,N,0.02,-1,0.236,0.316,0.716,7,6,1,4.45,0
531,21,138,2023-8-30,boxscore,NYM,,TEX,W-wo,6,5,0.455,5,27.0,,N,0.02,-2,0.237,0.317,0.718,11,7,1,4.45,0
532,22,140,2023-9-1,boxscore,NYM,,SEA,W,2,1,0.459,4,27.5,Smith,N,0.02,1,0.237,0.317,0.718,9,7,1,4.42,1
533,23,141,2023-9-2,boxscore,NYM,,SEA,L,7,8,0.456,4,28.5,,N,0.03,2,0.238,0.318,0.721,13,10,3,4.44,0
534,24,142,2023-9-3,boxscore,NYM,,SEA,W,6,3,0.46,4,27.5,Ottavino,D,0.02,-1,0.238,0.318,0.723,10,6,2,4.43,1
535,25,143,2023-9-5,boxscore,NYM,@,WSN,W,11,5,0.464,4,26.5,,N,0.02,1,0.239,0.318,0.726,11,7,0,4.44,1
536,26,144,2023-9-6,boxscore,NYM,@,WSN,L-wo,2,3,0.46,4,26.5,,N,0.03,2,0.239,0.318,0.726,8,9,0,4.43,0
537,27,145,2023-9-8,boxscore,NYM,@,MIN,L,2,5,0.457,4,28.0,Duran,N,0.02,-1,0.238,0.318,0.724,4,8,1,4.44,0
538,28,146,2023-9-9,boxscore,NYM,@,MIN,L,4,8,0.454,4,28.0,,D,0.01,-2,0.238,0.317,0.724,7,13,1,4.46,0
539,29,147,2023-9-10,boxscore,NYM,@,MIN,W,2,0,0.458,4,28.0,Ottavino,D,0.0,-3,0.237,0.317,0.722,4,4,0,4.43,1
540,0,118,2023-8-8,boxscore,NYY,@,CHW,W,7,1,0.518,4,11.5,,N,0.44,1,0.232,0.306,0.711,13,6,1,3.93,1
541,1,119,2023-8-9,boxscore,NYY,@,CHW,L,2,9,0.513,5,11.5,Santos,N,0.51,1,0.232,0.306,0.711,6,11,1,3.97,0
542,2,120,2023-8-11,boxscore,NYY,@,MIA,W,9,4,0.517,5,11.0,,N,0.4,-1,0.233,0.308,0.714,14,6,1,3.97,1
543,3,121,2023-8-12,boxscore,NYY,@,MIA,L,1,3,0.513,5,12.0,,D,0.47,1,0.232,0.307,0.711,5,8,1,3.97,0
544,4,122,2023-8-13,boxscore,NYY,@,MIA,L-wo,7,8,0.508,5,13.0,,D,0.42,-1,0.232,0.307,0.711,6,11,0,4.0,0
545,5,123,2023-8-14,boxscore,NYY,@,ATL,L,3,11,0.504,5,14.0,,N,0.34,-2,0.233,0.307,0.712,11,15,2,4.06,0
546,6,124,2023-8-15,boxscore,NYY,@,ATL,L,0,5,0.5,5,14.0,,N,0.31,-3,0.232,0.307,0.709,1,6,2,4.06,0
547,7,125,2023-8-16,boxscore,NYY,@,ATL,L,0,2,0.496,5,14.0,Iglesias,N,0.23,-4,0.231,0.306,0.706,4,3,1,4.04,0
548,8,126,2023-8-18,boxscore,NYY,,BOS,L,3,8,0.492,5,15.0,,N,0.19,-5,0.231,0.306,0.706,10,12,1,4.07,0
549,9,127,2023-8-19,boxscore,NYY,,BOS,L,1,8,0.488,5,16.0,,D,0.14,-6,0.23,0.305,0.703,2,12,3,4.09,0
550,10,128,2023-8-20,boxscore,NYY,,BOS,L,5,6,0.484,5,17.0,Jansen,D,0.09,-7,0.23,0.305,0.705,8,9,2,4.11,0
551,11,129,2023-8-22,boxscore,NYY,,WSN,L,1,2,0.48,5,17.0,Finnegan,N,0.04,-8,0.229,0.305,0.703,2,7,2,4.09,0
552,12,130,2023-8-23,boxscore,NYY,,WSN,W,9,1,0.484,5,17.0,,N,0.02,-9,0.229,0.304,0.704,8,3,1,4.07,1
553,13,131,2023-8-24,boxscore,NYY,,WSN,L,5,6,0.48,5,18.0,Finnegan,D,0.03,1,0.23,0.305,0.707,12,9,2,4.07,0
554,14,132,2023-8-25,boxscore,NYY,@,TBR,W,6,2,0.484,5,18.0,,N,0.04,-1,0.23,0.305,0.709,11,4,1,4.05,1
555,15,133,2023-8-26,boxscore,NYY,@,TBR,L,0,3,0.481,5,19.0,Fairbanks,D,0.05,1,0.229,0.304,0.705,2,7,0,4.03,0
556,16,134,2023-8-27,boxscore,NYY,@,TBR,L,4,7,0.477,5,19.0,Adam,D,0.02,-1,0.229,0.303,0.705,4,10,1,4.05,0
557,17,135,2023-8-28,boxscore,NYY,@,DET,W,4,1,0.481,5,19.0,,N,0.01,-2,0.228,0.304,0.705,7,7,1,4.03,1
558,18,136,2023-8-29,boxscore,NYY,@,DET,W,4,2,0.485,5,19.0,,N,0.01,1,0.228,0.303,0.705,6,7,0,4.02,1
559,19,137,2023-8-30,boxscore,NYY,@,DET,W,6,2,0.489,5,18.0,Hamilton,N,0.02,2,0.228,0.304,0.707,8,4,2,4.0,1
560,20,138,2023-8-31,boxscore,NYY,@,DET,L-wo,3,4,0.485,5,18.5,,D,0.03,3,0.228,0.303,0.705,5,8,1,3.99,0
561,21,140,2023-9-1,boxscore,NYY,@,HOU,W,6,2,0.489,5,17.5,,N,0.02,-1,0.228,0.303,0.707,8,4,1,3.98,1
562,22,141,2023-9-2,boxscore,NYY,@,HOU,W,5,4,0.493,5,17.5,Holmes,N,0.04,1,0.228,0.303,0.707,8,9,2,3.98,1
563,23,142,2023-9-3,boxscore,NYY,@,HOU,W,6,1,0.496,5,17.5,,N,0.05,2,0.228,0.303,0.707,8,7,0,3.95,1
564,24,143,2023-9-5,boxscore,NYY,,DET,W,5,1,0.5,5,18.0,,N,0.05,3,0.228,0.303,0.708,6,9,0,3.93,1
565,25,144,2023-9-6,boxscore,NYY,,DET,W,4,3,0.504,5,18.0,Holmes,N,0.06,4,0.228,0.304,0.709,11,6,0,3.92,1
566,26,145,2023-9-7,boxscore,NYY,,DET,L,3,10,0.5,5,18.5,,N,0.09,5,0.228,0.304,0.709,6,14,3,3.97,0
567,27,146,2023-9-8,boxscore,NYY,,MIL,L,2,8,0.496,5,19.5,,N,0.04,-1,0.227,0.304,0.707,3,16,1,4.0,0
568,28,147,2023-9-9,boxscore,NYY,,MIL,L,2,9,0.493,5,20.5,,D,0.03,-2,0.227,0.303,0.704,4,11,1,4.03,0
569,29,148,2023-9-10,boxscore,NYY,,MIL,W-wo,4,3,0.497,5,19.5,,D,0.01,-3,0.225,0.302,0.702,3,6,0,3.99,0
570,0,118,2023-8-8,boxscore,OAK,,TEX,L,1,6,0.281,5,36.0,,N,0.0,-2,0.222,0.301,0.662,3,13,1,5.83,0
571,1,119,2023-8-9,boxscore,OAK,,TEX,W,2,0,0.287,5,35.0,May,D,0.0,-2,0.222,0.301,0.662,7,4,0,5.77,1
572,2,120,2023-8-11,boxscore,OAK,@,WSN,L,2,8,0.284,5,36.0,,N,0.0,1,0.222,0.3,0.66,6,12,3,5.8,0
573,3,121,2023-8-12,boxscore,OAK,@,WSN,L-wo,2,3,0.282,5,37.0,,N,0.0,-1,0.221,0.3,0.66,7,9,1,5.78,0
574,4,122,2023-8-13,boxscore,OAK,@,WSN,L-wo,7,8,0.28,5,37.0,,D,0.0,-2,0.222,0.3,0.663,11,14,0,5.78,0
575,5,123,2023-8-14,boxscore,OAK,@,STL,L,5,7,0.277,5,38.0,,N,0.0,-3,0.222,0.3,0.663,8,8,1,5.79,0
576,6,124,2023-8-15,boxscore,OAK,@,STL,L,2,6,0.275,5,39.0,,N,0.0,-4,0.222,0.3,0.662,6,14,3,5.8,0
577,7,125,2023-8-16,boxscore,OAK,@,STL,W,8,0,0.281,5,38.0,,N,0.0,-5,0.223,0.301,0.665,14,9,0,5.75,1
578,8,126,2023-8-18,boxscore,OAK,,BAL,L,4,9,0.279,5,38.0,,N,0.0,1,0.224,0.301,0.666,12,16,1,5.77,0
579,9,127,2023-8-19,boxscore,OAK,,BAL,L,2,7,0.276,5,38.0,,N,0.0,-1,0.224,0.301,0.666,6,9,2,5.76,0
580,10,128,2023-8-20,boxscore,OAK,,BAL,L,1,12,0.274,5,38.0,,D,0.0,-2,0.223,0.301,0.664,4,17,3,5.81,0
581,11,129,2023-8-21,boxscore,OAK,,KCR,W-wo,6,4,0.28,5,37.0,,N,0.0,-3,0.224,0.301,0.668,10,6,1,5.79,0
582,12,130,2023-8-22,boxscore,OAK,,KCR,W,5,4,0.286,5,36.0,May,N,0.0,1,0.224,0.301,0.668,7,6,0,5.78,1
583,13,131,2023-8-23,boxscore,OAK,,KCR,L,0,4,0.283,5,36.5,Hernández,D,0.0,2,0.223,0.3,0.665,2,5,2,5.76,0
584,14,132,2023-8-24,boxscore,OAK,@,CHW,W,8,5,0.289,5,35.5,May,N,0.0,-1,0.223,0.3,0.668,9,12,3,5.76,1
585,15,133,2023-8-25,boxscore,OAK,@,CHW,W,12,4,0.295,5,34.5,,N,0.0,1,0.224,0.302,0.671,15,6,2,5.73,1
586,16,134,2023-8-26,boxscore,OAK,@,CHW,L,2,6,0.292,5,35.5,,N,0.0,2,0.224,0.302,0.67,4,9,3,5.74,0
587,17,135,2023-8-27,boxscore,OAK,@,CHW,L,1,6,0.29,5,36.5,,D,0.0,-1,0.223,0.301,0.667,2,13,0,5.73,0
588,18,136,2023-8-28,boxscore,OAK,@,SEA,L,0,7,0.288,5,37.5,,N,0.0,-2,0.222,0.301,0.665,4,14,2,5.74,0
589,19,137,2023-8-29,boxscore,OAK,@,SEA,W,3,1,0.293,5,36.5,May,N,0.0,-3,0.223,0.3,0.666,9,4,0,5.71,1
590,20,138,2023-8-30,boxscore,OAK,@,SEA,L,4,5,0.291,5,37.5,Muñoz,D,0.0,1,0.223,0.3,0.666,9,6,1,5.71,0
591,21,140,2023-9-1,boxscore,OAK,,LAA,W,9,2,0.296,5,36.5,,N,0.0,-1,0.224,0.301,0.67,14,7,1,5.68,1
592,22,141,2023-9-2,boxscore,OAK,,LAA,W,2,1,0.301,5,36.5,May,D,0.0,1,0.224,0.301,0.669,5,6,0,5.64,1
593,23,142,2023-9-3,boxscore,OAK,,LAA,W,10,6,0.307,5,35.5,May,D,0.0,2,0.224,0.301,0.671,10,9,2,5.64,1
594,24,143,2023-9-4,boxscore,OAK,,TOR,L,5,6,0.304,5,35.5,,D,0.0,3,0.224,0.301,0.672,8,8,0,5.63,0
595,25,144,2023-9-5,boxscore,OAK,,TOR,L,1,7,0.302,5,36.5,,N,0.0,-1,0.224,0.301,0.671,7,10,0,5.64,0
596,26,145,2023-9-6,boxscore,OAK,,TOR,W,5,2,0.307,5,36.5,May,D,0.0,-2,0.225,0.3,0.671,8,6,1,5.61,1
597,27,146,2023-9-8,boxscore,OAK,@,TEX,W,6,3,0.312,5,35.5,May,N,0.0,1,0.225,0.301,0.674,10,9,1,5.59,1
598,28,147,2023-9-9,boxscore,OAK,@,TEX,L,2,3,0.31,5,36.5,Chapman,N,0.0,2,0.225,0.301,0.674,7,5,0,5.58,0
599,29,148,2023-9-10,boxscore,OAK,@,TEX,L,4,9,0.308,5,37.5,,D,0.0,-1,0.225,0.302,0.674,9,12,3,5.61,0
600,0,117,2023-8-8,boxscore,PHI,,WSN,W,8,4,0.549,2,10.5,,N,1.02,3,0.256,0.322,0.74,10,11,2,4.0,1
601,1,118,2023-8-8,boxscore,PHI,,WSN,L,4,5,0.544,2,10.5,Finnegan,N,0.95,3,0.255,0.322,0.74,8,8,3,4.01,0
602,2,119,2023-8-9,boxscore,PHI,,WSN,W,7,0,0.548,2,10.5,,N,0.98,-1,0.256,0.322,0.741,8,0,0,3.98,1
603,3,120,2023-8-10,boxscore,PHI,,WSN,W,6,2,0.552,2,9.5,,N,0.89,1,0.255,0.323,0.743,6,10,0,3.96,1
604,4,121,2023-8-11,boxscore,PHI,,MIN,W,13,2,0.556,2,9.5,,N,0.85,2,0.257,0.325,0.748,15,7,2,3.94,1
605,5,122,2023-8-12,boxscore,PHI,,MIN,L,1,8,0.551,2,11.0,,N,0.79,3,0.257,0.324,0.747,9,11,4,3.98,0
606,6,123,2023-8-13,boxscore,PHI,,MIN,L,0,3,0.546,2,11.0,Duran,D,0.84,-1,0.256,0.324,0.745,5,10,1,3.97,0
607,7,124,2023-8-15,boxscore,PHI,@,TOR,L,1,2,0.542,2,12.5,Romano,N,0.86,-2,0.255,0.323,0.742,4,4,0,3.95,0
608,8,125,2023-8-16,boxscore,PHI,@,TOR,W,9,4,0.545,2,12.5,,N,0.9,-3,0.255,0.323,0.744,11,5,1,3.96,1
609,9,126,2023-8-18,boxscore,PHI,@,WSN,L,7,8,0.541,2,13.5,Finnegan,N,0.8,1,0.256,0.323,0.745,10,13,1,3.98,0
610,10,127,2023-8-19,boxscore,PHI,@,WSN,W,12,3,0.545,2,13.5,,D,0.85,-1,0.257,0.325,0.75,16,9,0,3.97,1
611,11,128,2023-8-20,boxscore,PHI,@,WSN,L,3,4,0.54,2,13.5,Finnegan,N,0.76,1,0.256,0.324,0.748,6,9,0,3.97,0
612,12,129,2023-8-21,boxscore,PHI,,SFG,W,10,4,0.544,2,12.5,,N,1.05,-1,0.258,0.326,0.754,17,9,2,3.97,1
613,13,130,2023-8-22,boxscore,PHI,,SFG,W-wo,4,3,0.548,2,12.5,,N,0.93,1,0.258,0.326,0.755,9,8,0,3.96,0
614,14,131,2023-8-23,boxscore,PHI,,SFG,L,6,8,0.543,2,13.5,Walker,D,0.89,2,0.258,0.326,0.756,10,14,2,3.98,0
615,15,132,2023-8-25,boxscore,PHI,,STL,W,7,2,0.547,2,13.5,,N,0.92,-1,0.259,0.326,0.758,11,5,1,3.96,1
616,16,133,2023-8-26,boxscore,PHI,,STL,W,12,1,0.55,2,13.5,,N,0.77,1,0.259,0.327,0.762,12,3,1,3.94,1
617,17,134,2023-8-27,boxscore,PHI,,STL,W,3,0,0.554,2,12.5,Kimbrel,D,0.64,2,0.26,0.328,0.762,11,2,0,3.91,1
618,18,135,2023-8-28,boxscore,PHI,,LAA,W,6,4,0.557,2,12.5,Kimbrel,N,0.58,3,0.26,0.328,0.763,7,11,0,3.91,1
619,19,136,2023-8-29,boxscore,PHI,,LAA,W,12,7,0.561,2,12.5,,N,0.45,4,0.26,0.328,0.768,13,11,3,3.92,1
620,20,137,2023-8-30,boxscore,PHI,,LAA,L,8,10,0.556,2,13.5,Estévez,D,0.4,5,0.261,0.329,0.769,11,12,2,3.95,0
621,21,139,2023-9-1,boxscore,PHI,@,MIL,L,5,7,0.552,2,15.0,,N,0.44,-1,0.26,0.328,0.767,5,7,1,3.96,0
622,22,140,2023-9-2,boxscore,PHI,@,MIL,L,5,7,0.548,2,16.0,Williams,N,0.56,-2,0.26,0.328,0.767,7,12,1,3.98,0
623,23,141,2023-9-3,boxscore,PHI,@,MIL,W,4,2,0.551,2,15.0,Kimbrel,D,0.63,-3,0.259,0.328,0.767,6,7,2,3.97,1
624,24,142,2023-9-4,boxscore,PHI,@,SDP,W,9,7,0.555,2,14.5,Alvarado,D,0.48,1,0.26,0.329,0.771,16,10,1,3.99,1
625,25,143,2023-9-5,boxscore,PHI,@,SDP,L,0,8,0.551,2,14.5,,N,0.39,2,0.26,0.329,0.769,3,10,1,4.02,0
626,26,144,2023-9-6,boxscore,PHI,@,SDP,W,5,1,0.554,2,13.5,,D,0.49,-1,0.26,0.329,0.77,12,3,0,4.0,1
627,27,145,2023-9-8,boxscore,PHI,,MIA,L,2,3,0.55,2,15.0,Scott,N,0.46,1,0.259,0.329,0.769,5,7,2,3.99,0
628,28,146,2023-9-9,boxscore,PHI,,MIA,W,8,4,0.553,2,14.0,,N,0.56,-1,0.259,0.329,0.769,7,10,1,3.99,1
629,29,147,2023-9-10,boxscore,PHI,,MIA,L,4,5,0.549,2,15.0,Scott,D,0.43,1,0.259,0.33,0.769,8,5,1,4.0,0
630,0,118,2023-8-9,boxscore,PIT,,ATL,L,5,6,0.447,4,10.0,Iglesias,N,0.1,-2,0.236,0.312,0.701,10,15,0,4.55,0
631,1,119,2023-8-10,boxscore,PIT,,ATL,W,7,5,0.452,4,9.5,Holderman,D,0.08,-2,0.237,0.313,0.701,10,12,2,4.55,1
632,2,120,2023-8-11,boxscore,PIT,,CIN,L,2,9,0.448,4,10.5,,N,0.11,1,0.236,0.312,0.7,6,11,1,4.59,0
633,3,121,2023-8-13,boxscore,PIT,,CIN,W,4,2,0.453,4,11.5,Bednar,D,0.07,-1,0.235,0.311,0.698,3,7,0,4.56,1
634,4,122,2023-8-13,boxscore,PIT,,CIN,L,5,6,0.449,4,11.5,Duarte,N,0.09,1,0.235,0.312,0.7,9,12,1,4.56,0
635,5,123,2023-8-14,boxscore,PIT,@,NYM,L,2,7,0.445,4,12.0,,N,0.05,-1,0.235,0.311,0.698,5,9,3,4.59,0
636,6,124,2023-8-15,boxscore,PIT,@,NYM,W,7,4,0.45,4,11.0,Bednar,N,0.03,-2,0.235,0.313,0.7,9,7,3,4.58,1
637,7,125,2023-8-16,boxscore,PIT,@,NYM,L,3,8,0.446,4,11.0,,D,0.06,1,0.235,0.313,0.701,7,9,3,4.61,0
638,8,126,2023-8-18,boxscore,PIT,@,MIN,L,1,5,0.443,4,11.5,,N,0.03,-1,0.235,0.313,0.701,9,10,1,4.61,0
639,9,127,2023-8-19,boxscore,PIT,@,MIN,W,7,4,0.447,4,11.5,Bednar,N,0.03,-2,0.235,0.314,0.701,8,11,0,4.61,1
640,10,128,2023-8-20,boxscore,PIT,@,MIN,L,0,2,0.444,4,12.5,Duran,D,0.02,1,0.234,0.313,0.698,2,5,0,4.59,0
641,11,129,2023-8-21,boxscore,PIT,,STL,W,11,1,0.448,4,12.0,,N,0.02,-1,0.235,0.314,0.702,16,5,1,4.56,1
642,12,130,2023-8-22,boxscore,PIT,,STL,W,6,3,0.452,4,12.0,Bednar,N,0.03,1,0.236,0.314,0.702,8,9,1,4.55,1
643,13,131,2023-8-23,boxscore,PIT,,STL,L,4,6,0.449,4,13.0,Romero,D,0.03,2,0.236,0.315,0.703,10,10,0,4.56,0
644,14,132,2023-8-24,boxscore,PIT,,CHC,L,4,5,0.445,4,13.5,Alzolay,N,0.01,-1,0.235,0.314,0.702,6,10,0,4.55,0
645,15,133,2023-8-25,boxscore,PIT,,CHC,W,2,1,0.45,4,13.5,Bednar,N,0.01,-2,0.235,0.314,0.702,7,5,1,4.52,1
646,16,134,2023-8-26,boxscore,PIT,,CHC,L,6,10,0.446,4,14.5,Alzolay,N,0.01,1,0.235,0.314,0.701,7,10,0,4.56,0
647,17,135,2023-8-27,boxscore,PIT,,CHC,L,1,10,0.443,4,15.5,,D,0.01,-1,0.234,0.313,0.698,4,12,1,4.6,0
648,18,136,2023-8-28,boxscore,PIT,@,KCR,W,5,0,0.447,4,15.5,,N,0.0,-2,0.235,0.314,0.7,12,2,0,4.57,1
649,19,137,2023-8-29,boxscore,PIT,@,KCR,W,6,3,0.451,4,14.5,,N,0.0,1,0.235,0.314,0.701,9,6,0,4.55,1
650,20,138,2023-8-30,boxscore,PIT,@,KCR,W,4,1,0.455,4,13.5,Bednar,N,0.01,2,0.235,0.314,0.701,6,4,1,4.53,1
651,21,140,2023-9-1,boxscore,PIT,@,STL,W,4,2,0.459,4,13.5,Bednar,N,0.01,3,0.235,0.313,0.7,7,6,1,4.5,1
652,22,141,2023-9-2,boxscore,PIT,@,STL,W,7,6,0.463,4,13.5,Bednar,N,0.01,4,0.235,0.314,0.701,11,8,3,4.51,1
653,23,142,2023-9-3,boxscore,PIT,@,STL,L,4,6,0.46,4,13.5,Gallegos,D,0.02,5,0.235,0.314,0.7,8,8,1,4.5,0
654,24,143,2023-9-4,boxscore,PIT,,MIL,W,4,2,0.464,4,12.5,Bednar,N,0.01,-1,0.236,0.313,0.702,9,6,0,4.48,1
655,25,144,2023-9-5,boxscore,PIT,,MIL,L,3,7,0.46,4,13.5,,N,0.01,1,0.236,0.313,0.701,8,7,0,4.49,0
656,26,145,2023-9-6,boxscore,PIT,,MIL,W,5,4,0.464,4,12.5,Bednar,D,0.0,-1,0.236,0.313,0.701,8,8,1,4.49,1
657,27,146,2023-9-8,boxscore,PIT,@,ATL,L,2,8,0.461,4,13.5,,N,0.01,1,0.235,0.312,0.7,6,12,2,4.52,0
658,28,147,2023-9-9,boxscore,PIT,@,ATL,W,8,4,0.465,4,13.5,,N,0.0,-1,0.236,0.313,0.703,14,12,1,4.52,1
659,29,148,2023-9-10,boxscore,PIT,@,ATL,L,2,5,0.462,4,13.5,Iglesias,D,0.01,1,0.236,0.312,0.701,7,7,0,4.52,0
660,0,119,2023-8-9,boxscore,SDP,@,SEA,L,1,6,0.478,4,13.0,,N,0.47,-4,0.239,0.326,0.737,4,10,1,3.81,0
661,1,120,2023-8-11,boxscore,SDP,@,ARI,W,10,5,0.483,4,13.5,,N,0.44,-4,0.24,0.327,0.74,14,5,2,3.82,1
662,2,121,2023-8-12,boxscore,SDP,@,ARI,L,0,3,0.479,4,14.5,Sewald,N,0.5,1,0.24,0.326,0.737,5,10,1,3.82,0
663,3,122,2023-8-13,boxscore,SDP,@,ARI,L,4,5,0.475,4,15.5,Sewald,D,0.41,-1,0.24,0.326,0.738,11,10,2,3.83,0
664,4,123,2023-8-14,boxscore,SDP,,BAL,L,1,4,0.471,4,16.0,Bautista,N,0.29,-2,0.239,0.326,0.736,4,9,1,3.84,0
665,5,124,2023-8-15,boxscore,SDP,,BAL,W,10,3,0.475,4,16.0,,N,0.23,-3,0.24,0.327,0.739,13,11,1,3.83,1
666,6,125,2023-8-16,boxscore,SDP,,BAL,W,5,2,0.479,4,16.0,Hader,N,0.31,1,0.241,0.327,0.739,8,5,1,3.81,1
667,7,126,2023-8-17,boxscore,SDP,,ARI,L,1,3,0.475,4,17.0,Martinez,N,0.38,2,0.24,0.326,0.736,3,3,2,3.81,0
668,8,127,2023-8-18,boxscore,SDP,,ARI,W,4,0,0.48,4,16.0,,N,0.3,-1,0.239,0.325,0.735,4,6,0,3.77,1
669,9,128,2023-8-19,boxscore,SDP,,ARI,L,4,6,0.476,4,18.0,Sewald,D,0.35,1,0.239,0.326,0.736,7,9,1,3.79,0
670,10,129,2023-8-19,boxscore,SDP,,ARI,L,1,8,0.472,4,18.0,,N,0.28,-1,0.238,0.325,0.735,5,13,1,3.83,0
671,11,130,2023-8-21,boxscore,SDP,,MIA,W,6,2,0.476,4,17.5,,N,0.2,-2,0.238,0.325,0.736,7,7,1,3.81,1
672,12,131,2023-8-22,boxscore,SDP,,MIA,L,0,3,0.472,4,17.5,Robertson,N,0.22,1,0.238,0.324,0.733,3,8,1,3.81,0
673,13,132,2023-8-23,boxscore,SDP,,MIA,W,4,0,0.477,4,17.5,,D,0.14,-1,0.237,0.324,0.732,7,4,0,3.78,1
674,14,133,2023-8-25,boxscore,SDP,@,MIL,L,3,7,0.473,4,19.0,,N,0.16,1,0.237,0.324,0.732,7,10,1,3.8,0
675,15,134,2023-8-26,boxscore,SDP,@,MIL,L,4,5,0.469,4,19.0,Williams,N,0.11,-1,0.237,0.324,0.731,5,6,0,3.82,0
676,16,135,2023-8-27,boxscore,SDP,@,MIL,L,6,10,0.466,4,20.0,,D,0.08,-2,0.237,0.324,0.732,9,10,1,3.87,0
677,17,136,2023-8-28,boxscore,SDP,@,STL,W,4,1,0.47,4,20.0,Hader,N,0.04,-3,0.238,0.325,0.732,12,4,1,3.85,1
678,18,137,2023-8-29,boxscore,SDP,@,STL,L-wo,5,6,0.466,4,21.0,,N,0.07,1,0.238,0.325,0.733,12,9,2,3.85,0
679,19,138,2023-8-30,boxscore,SDP,@,STL,L-wo,4,5,0.463,4,22.0,,D,0.04,-1,0.239,0.325,0.733,11,10,2,3.86,0
680,20,139,2023-8-31,boxscore,SDP,,SFG,L,2,7,0.459,4,22.0,,N,0.03,-2,0.239,0.326,0.733,7,10,1,3.84,0
681,21,141,2023-9-1,boxscore,SDP,,SFG,W,7,3,0.463,4,21.0,,N,0.02,-3,0.24,0.326,0.735,13,9,1,3.84,1
682,22,142,2023-9-2,boxscore,SDP,,SFG,W,6,1,0.467,4,20.0,,N,0.02,1,0.24,0.326,0.735,6,5,0,3.81,1
683,23,143,2023-9-3,boxscore,SDP,,SFG,W,4,0,0.471,4,20.0,,D,0.03,2,0.24,0.326,0.737,10,4,0,3.79,1
684,24,144,2023-9-4,boxscore,SDP,,PHI,L,7,9,0.468,4,20.5,Alvarado,D,0.04,3,0.24,0.326,0.737,10,16,3,3.82,0
685,25,145,2023-9-5,boxscore,SDP,,PHI,W,8,0,0.471,4,19.5,,N,0.02,-1,0.241,0.327,0.738,10,3,0,3.8,1
686,26,146,2023-9-6,boxscore,SDP,,PHI,L,1,5,0.468,4,19.5,,D,0.02,1,0.24,0.326,0.735,3,12,2,3.81,0
687,27,147,2023-9-8,boxscore,SDP,@,HOU,W,11,2,0.472,4,20.0,,N,0.01,-1,0.24,0.326,0.736,10,6,0,3.79,1
688,28,148,2023-9-9,boxscore,SDP,@,HOU,L,5,7,0.469,4,20.0,Pressly,N,0.01,1,0.24,0.326,0.737,9,11,1,3.82,0
689,29,149,2023-9-10,boxscore,SDP,@,HOU,L,2,12,0.465,4,21.0,,D,0.01,-1,0.24,0.327,0.737,7,11,1,3.86,0
690,0,118,2023-8-9,boxscore,SEA,,SDP,W,6,1,0.544,3,5.5,,N,1.19,7,0.236,0.315,0.717,10,4,0,3.74,1
691,1,119,2023-8-11,boxscore,SEA,,BAL,W,9,2,0.548,3,5.5,,N,1.31,7,0.238,0.316,0.72,12,4,1,3.72,1
692,2,120,2023-8-12,boxscore,SEA,,BAL,L,0,1,0.543,3,6.5,,N,1.35,8,0.237,0.315,0.718,4,4,0,3.69,0
693,3,121,2023-8-13,boxscore,SEA,,BAL,L,3,5,0.538,3,6.5,Fujinami,D,1.24,-1,0.236,0.314,0.716,6,9,1,3.68,0
694,4,122,2023-8-14,boxscore,SEA,@,KCR,L-wo,6,7,0.534,3,7.5,,N,1.16,-2,0.236,0.314,0.714,7,14,2,3.71,0
695,5,123,2023-8-15,boxscore,SEA,@,KCR,W,10,8,0.538,3,7.5,Saucedo,N,1.07,-3,0.237,0.315,0.719,14,15,1,3.72,1
696,6,124,2023-8-16,boxscore,SEA,@,KCR,W,6,5,0.542,3,6.5,Brash,N,1.09,1,0.238,0.317,0.721,12,10,1,3.73,1
697,7,125,2023-8-17,boxscore,SEA,@,KCR,W,6,4,0.545,3,6.0,Brash,D,1.22,2,0.238,0.318,0.724,11,9,1,3.73,1
698,8,126,2023-8-18,boxscore,SEA,@,HOU,W,2,0,0.549,3,5.0,Muñoz,N,1.64,3,0.238,0.318,0.724,9,4,0,3.7,1
699,9,127,2023-8-19,boxscore,SEA,@,HOU,W,10,3,0.553,3,4.0,,N,1.75,4,0.24,0.319,0.728,17,11,3,3.69,1
700,10,128,2023-8-20,boxscore,SEA,@,HOU,W,7,6,0.556,3,3.0,Speier,D,2.01,5,0.241,0.32,0.73,15,12,0,3.71,1
701,11,129,2023-8-21,boxscore,SEA,@,CHW,W,14,2,0.56,3,2.0,,N,1.72,6,0.242,0.321,0.734,15,8,0,3.69,1
702,12,130,2023-8-22,boxscore,SEA,@,CHW,W,6,3,0.563,3,1.0,Muñoz,N,1.75,7,0.243,0.322,0.735,9,10,1,3.69,1
703,13,131,2023-8-23,boxscore,SEA,@,CHW,L-wo,4,5,0.559,3,1.5,,D,1.84,8,0.242,0.323,0.734,8,10,1,3.69,0
704,14,132,2023-8-25,boxscore,SEA,,KCR,W,7,5,0.562,1,Tied,Muñoz,N,1.83,-1,0.244,0.323,0.736,16,10,1,3.7,1
705,15,133,2023-8-26,boxscore,SEA,,KCR,W,15,2,0.566,1,Tied,,D,1.87,1,0.245,0.325,0.742,13,5,1,3.68,1
706,16,134,2023-8-27,boxscore,SEA,,KCR,W,3,2,0.569,1,up 1.0,Muñoz,D,1.82,2,0.245,0.325,0.742,6,5,1,3.67,1
707,17,135,2023-8-28,boxscore,SEA,,OAK,W,7,0,0.573,1,up 1.0,,N,1.78,3,0.246,0.326,0.745,14,4,0,3.64,1
708,18,136,2023-8-29,boxscore,SEA,,OAK,L,1,3,0.568,1,Tied,May,N,1.78,4,0.245,0.325,0.743,4,9,2,3.64,0
709,19,137,2023-8-30,boxscore,SEA,,OAK,W,5,4,0.571,1,Tied,Muñoz,D,1.73,-1,0.245,0.325,0.743,6,9,1,3.64,1
710,20,139,2023-9-1,boxscore,SEA,@,NYM,L,1,2,0.567,1,Tied,Smith,N,1.72,1,0.244,0.325,0.742,7,9,1,3.63,0
711,21,140,2023-9-2,boxscore,SEA,@,NYM,W,8,7,0.57,1,up 1.0,,N,1.88,-1,0.245,0.325,0.744,10,13,3,3.66,1
712,22,141,2023-9-3,boxscore,SEA,@,NYM,L,3,6,0.566,1,up 1.0,Ottavino,D,1.75,1,0.244,0.325,0.743,6,10,3,3.67,0
713,23,142,2023-9-4,boxscore,SEA,@,CIN,L,3,6,0.562,1,Tied,Gibaut,D,1.96,-1,0.244,0.324,0.743,9,8,1,3.69,0
714,24,143,2023-9-5,boxscore,SEA,@,CIN,L-wo,6,7,0.558,2,1.0,,N,2.08,-2,0.244,0.325,0.745,9,13,3,3.72,0
715,25,144,2023-9-6,boxscore,SEA,@,CIN,W,8,4,0.561,2,1.0,,N,2.3,-3,0.245,0.325,0.746,11,10,1,3.72,1
716,26,145,2023-9-7,boxscore,SEA,@,TBR,W,1,0,0.564,2,0.5,Muñoz,N,2.14,1,0.244,0.325,0.744,5,4,0,3.69,1
717,27,146,2023-9-8,boxscore,SEA,@,TBR,L,4,7,0.56,2,0.5,Fairbanks,N,2.03,2,0.244,0.324,0.745,7,8,3,3.72,0
718,28,147,2023-9-9,boxscore,SEA,@,TBR,L-wo,5,7,0.556,2,1.5,,D,2.09,-1,0.244,0.324,0.744,6,7,1,3.74,0
719,29,148,2023-9-10,boxscore,SEA,@,TBR,L,3,6,0.552,2,2.5,Fairbanks,D,2.26,-2,0.244,0.324,0.743,9,11,0,3.76,0
720,0,118,2023-8-8,boxscore,SFG,@,LAA,L,5,7,0.544,2,5.0,Leone,N,1.37,-1,0.24,0.316,0.708,5,12,1,3.87,0
721,1,119,2023-8-9,boxscore,SFG,@,LAA,L,1,4,0.539,2,6.0,Estévez,N,1.36,-1,0.239,0.316,0.706,5,4,1,3.87,0
722,2,120,2023-8-11,boxscore,SFG,,TEX,L,1,2,0.534,2,7.5,Smith,N,1.27,-2,0.238,0.315,0.703,3,6,2,3.86,0
723,3,121,2023-8-12,boxscore,SFG,,TEX,L,3,9,0.53,2,8.5,,N,1.21,-3,0.238,0.315,0.704,9,16,1,3.9,0
724,4,122,2023-8-13,boxscore,SFG,,TEX,W-wo,3,2,0.534,2,8.5,,D,1.21,-4,0.238,0.314,0.704,10,8,0,3.87,0
725,5,123,2023-8-14,boxscore,SFG,,TBR,L,2,10,0.529,2,9.0,Lopez,N,1.22,1,0.238,0.314,0.702,6,18,1,3.92,0
726,6,124,2023-8-15,boxscore,SFG,,TBR,W,7,0,0.533,2,9.0,,N,1.2,-1,0.238,0.314,0.703,9,3,0,3.89,1
727,7,125,2023-8-16,boxscore,SFG,,TBR,L,1,6,0.529,2,10.0,,D,1.15,1,0.238,0.314,0.702,8,14,3,3.9,0
728,8,126,2023-8-18,boxscore,SFG,@,ATL,L,0,4,0.525,2,10.5,,N,1.12,-1,0.237,0.313,0.699,2,10,0,3.9,0
729,9,127,2023-8-19,boxscore,SFG,@,ATL,L,5,6,0.52,2,12.0,Iglesias,N,1.19,-2,0.238,0.313,0.7,11,11,2,3.93,0
730,10,128,2023-8-20,boxscore,SFG,@,ATL,W,4,3,0.524,2,11.5,,D,1.13,-3,0.238,0.314,0.701,10,6,1,3.89,1
731,11,129,2023-8-21,boxscore,SFG,@,PHI,L,4,10,0.52,2,12.0,,N,1.36,1,0.238,0.314,0.702,9,17,4,3.95,0
732,12,130,2023-8-22,boxscore,SFG,@,PHI,L-wo,3,4,0.516,3,12.0,,N,1.33,-1,0.238,0.314,0.701,8,9,1,3.95,0
733,13,131,2023-8-23,boxscore,SFG,@,PHI,W,8,6,0.52,2,12.0,Walker,D,1.31,-2,0.239,0.315,0.703,14,10,3,3.95,1
734,14,132,2023-8-25,boxscore,SFG,,ATL,L,1,5,0.516,3,13.5,,N,1.17,1,0.239,0.314,0.702,6,7,1,3.96,0
735,15,133,2023-8-26,boxscore,SFG,,ATL,L,3,7,0.512,3,13.5,,D,1.12,-1,0.239,0.314,0.701,8,9,2,3.99,0
736,16,134,2023-8-27,boxscore,SFG,,ATL,W,8,5,0.515,3,13.5,Doval,D,1.02,-2,0.239,0.314,0.702,8,6,1,3.99,1
737,17,135,2023-8-28,boxscore,SFG,,CIN,W,4,1,0.519,3,13.5,Doval,N,1.28,1,0.239,0.314,0.702,8,6,0,3.97,1
738,18,136,2023-8-29,boxscore,SFG,,CIN,W,6,1,0.523,2,13.5,,N,1.4,2,0.239,0.314,0.702,7,1,0,3.95,1
739,19,137,2023-8-30,boxscore,SFG,,CIN,L,1,4,0.519,2,14.5,Díaz,D,1.39,3,0.238,0.314,0.7,4,11,1,3.95,0
740,20,138,2023-8-31,boxscore,SFG,@,SDP,W,7,2,0.522,2,13.5,,N,1.17,-1,0.239,0.314,0.7,10,7,0,3.93,1
741,21,140,2023-9-1,boxscore,SFG,@,SDP,L,3,7,0.519,2,13.5,,N,1.24,1,0.239,0.314,0.701,9,13,2,3.95,0
742,22,141,2023-9-2,boxscore,SFG,@,SDP,L,1,6,0.515,2,13.5,,N,1.2,-1,0.238,0.313,0.699,5,6,4,3.97,0
743,23,142,2023-9-3,boxscore,SFG,@,SDP,L,0,4,0.511,2,14.5,,D,1.21,-2,0.237,0.313,0.697,4,10,2,3.97,0
744,24,143,2023-9-4,boxscore,SFG,@,CHC,L,0,5,0.507,3,15.0,,D,1.35,-3,0.236,0.312,0.694,2,6,1,3.97,0
745,25,144,2023-9-5,boxscore,SFG,@,CHC,L,8,11,0.504,3,15.0,,N,1.16,-4,0.237,0.312,0.697,12,15,2,4.02,0
746,26,145,2023-9-6,boxscore,SFG,@,CHC,L,2,8,0.5,3,15.0,,D,0.94,-5,0.237,0.312,0.697,10,11,2,4.05,0
747,27,146,2023-9-8,boxscore,SFG,,COL,W,9,8,0.504,3,15.5,Doval,N,0.69,-6,0.238,0.313,0.701,13,11,2,4.07,1
748,28,147,2023-9-9,boxscore,SFG,,COL,W,9,1,0.507,3,14.5,,N,0.79,1,0.239,0.314,0.703,13,7,0,4.05,1
749,29,148,2023-9-10,boxscore,SFG,,COL,W,6,3,0.51,3,14.5,Doval,N,0.95,2,0.24,0.314,0.706,11,6,0,4.04,1
750,0,118,2023-8-8,boxscore,STL,@,TBR,L,2,4,0.43,5,11.5,Fairbanks,N,0.03,-2,0.257,0.33,0.762,6,12,1,4.51,0
751,1,119,2023-8-9,boxscore,STL,@,TBR,W,6,4,0.435,5,11.5,Gallegos,N,0.02,-2,0.257,0.33,0.761,9,9,3,4.51,1
752,2,120,2023-8-10,boxscore,STL,@,TBR,W,5,2,0.44,5,11.0,,N,0.03,1,0.257,0.33,0.762,11,4,0,4.49,1
753,3,121,2023-8-11,boxscore,STL,@,KCR,L,8,12,0.436,5,12.0,,N,0.04,2,0.258,0.331,0.764,11,16,3,4.55,0
754,4,122,2023-8-12,boxscore,STL,@,KCR,W,5,4,0.441,5,12.0,Romero,N,0.03,-1,0.258,0.331,0.765,8,11,1,4.54,1
755,5,123,2023-8-14,boxscore,STL,,OAK,W,7,5,0.445,4,12.0,,N,0.04,1,0.258,0.332,0.766,8,8,1,4.55,1
756,6,124,2023-8-15,boxscore,STL,,OAK,W,6,2,0.45,4,11.0,,N,0.04,2,0.259,0.333,0.77,14,6,1,4.52,1
757,7,125,2023-8-16,boxscore,STL,,OAK,L,0,8,0.446,4,11.0,,N,0.06,3,0.259,0.333,0.769,9,14,1,4.54,0
758,8,126,2023-8-17,boxscore,STL,,NYM,L,2,4,0.443,5,11.0,Gott,N,0.04,-1,0.258,0.332,0.767,5,7,2,4.54,0
759,9,127,2023-8-18,boxscore,STL,,NYM,L,1,7,0.439,5,12.0,,N,0.02,-2,0.258,0.332,0.765,6,13,2,4.56,0
760,10,128,2023-8-19,boxscore,STL,,NYM,L,2,13,0.435,5,13.0,,N,0.01,-3,0.257,0.331,0.763,5,13,3,4.61,0
761,11,129,2023-8-20,boxscore,STL,,NYM,W,7,3,0.44,5,13.0,,D,0.01,-4,0.258,0.332,0.765,15,7,1,4.6,1
762,12,130,2023-8-21,boxscore,STL,@,PIT,L,1,11,0.437,5,13.5,,N,0.01,1,0.257,0.331,0.763,5,16,1,4.64,0
763,13,131,2023-8-22,boxscore,STL,@,PIT,L,3,6,0.433,5,14.5,Bednar,N,0.01,-1,0.257,0.331,0.763,9,8,1,4.66,0
764,14,132,2023-8-23,boxscore,STL,@,PIT,W,6,4,0.438,5,14.5,Romero,D,0.0,-2,0.257,0.332,0.763,10,10,1,4.65,1
765,15,133,2023-8-25,boxscore,STL,@,PHI,L,2,7,0.434,5,15.5,,N,0.0,1,0.257,0.331,0.761,5,11,2,4.67,0
766,16,134,2023-8-26,boxscore,STL,@,PHI,L,1,12,0.431,5,16.5,,N,0.0,-1,0.256,0.33,0.758,3,12,3,4.73,0
767,17,135,2023-8-27,boxscore,STL,@,PHI,L,0,3,0.427,5,17.5,Kimbrel,D,0.0,-2,0.254,0.329,0.755,2,11,1,4.73,0
768,18,136,2023-8-28,boxscore,STL,,SDP,L,1,4,0.424,5,18.5,Hader,N,0.0,-3,0.254,0.328,0.753,4,12,0,4.72,0
769,19,137,2023-8-29,boxscore,STL,,SDP,W-wo,6,5,0.429,5,17.5,,N,0.0,-4,0.254,0.328,0.753,9,12,1,4.71,0
770,20,138,2023-8-30,boxscore,STL,,SDP,W-wo,5,4,0.433,5,16.5,,D,0.0,1,0.254,0.328,0.754,10,11,0,4.7,0
771,21,140,2023-9-1,boxscore,STL,,PIT,L,2,4,0.43,5,17.5,Bednar,N,0.0,2,0.253,0.327,0.753,6,7,0,4.69,0
772,22,141,2023-9-2,boxscore,STL,,PIT,L,6,7,0.426,5,18.5,Bednar,N,0.0,-1,0.253,0.327,0.753,8,11,1,4.71,0
773,23,142,2023-9-3,boxscore,STL,,PIT,W,6,4,0.431,5,17.5,Gallegos,D,0.0,-2,0.253,0.328,0.753,8,8,1,4.7,1
774,24,143,2023-9-5,boxscore,STL,@,ATL,W,10,6,0.435,5,17.0,,N,0.0,1,0.254,0.328,0.755,12,11,4,4.71,1
775,25,144,2023-9-6,boxscore,STL,@,ATL,W,11,6,0.439,5,16.0,,N,0.0,2,0.254,0.328,0.758,14,10,2,4.72,1
776,26,145,2023-9-7,boxscore,STL,@,ATL,L,5,8,0.436,5,16.5,,N,0.0,3,0.254,0.329,0.757,8,10,5,4.75,0
777,27,146,2023-9-8,boxscore,STL,@,CIN,W,9,4,0.44,5,16.5,,N,0.0,-1,0.254,0.329,0.757,9,10,2,4.74,1
778,28,147,2023-9-9,boxscore,STL,@,CIN,W,4,3,0.444,5,16.5,Helsley,N,0.0,1,0.254,0.329,0.757,8,6,0,4.73,1
779,29,148,2023-9-10,boxscore,STL,@,CIN,L,1,7,0.441,5,16.5,,D,0.0,2,0.253,0.328,0.754,1,10,4,4.75,0
780,0,119,2023-8-8,boxscore,TBR,,STL,W,4,2,0.6,2,2.0,Fairbanks,N,1.1,2,0.256,0.328,0.773,12,6,2,3.77,1
781,1,120,2023-8-9,boxscore,TBR,,STL,L,4,6,0.595,2,2.0,Gallegos,N,1.14,2,0.256,0.328,0.774,9,9,1,3.79,0
782,2,121,2023-8-10,boxscore,TBR,,STL,L,2,5,0.59,2,3.0,,N,1.25,-1,0.255,0.327,0.771,4,11,2,3.8,0
783,3,122,2023-8-11,boxscore,TBR,,CLE,W-wo,9,8,0.593,2,2.0,,N,1.23,-2,0.254,0.327,0.771,7,10,1,3.83,0
784,4,123,2023-8-12,boxscore,TBR,,CLE,W-wo,6,5,0.597,2,2.0,,D,1.27,1,0.255,0.327,0.772,12,13,0,3.84,0
785,5,124,2023-8-13,boxscore,TBR,,CLE,L,2,9,0.592,2,3.0,,D,1.14,2,0.255,0.327,0.771,8,15,2,3.89,0
786,6,125,2023-8-14,boxscore,TBR,@,SFG,W,10,2,0.595,2,3.0,Lopez,N,1.16,-1,0.257,0.328,0.773,18,6,0,3.87,1
787,7,126,2023-8-15,boxscore,TBR,@,SFG,L,0,7,0.59,2,3.0,,N,1.04,1,0.256,0.327,0.77,3,9,2,3.88,0
788,8,127,2023-8-16,boxscore,TBR,@,SFG,W,6,1,0.593,2,2.0,,D,1.13,-1,0.256,0.327,0.772,14,8,0,3.86,1
789,9,128,2023-8-18,boxscore,TBR,@,LAA,W,9,6,0.597,2,2.0,Kittredge,N,1.21,1,0.257,0.328,0.772,15,9,1,3.87,1
790,10,129,2023-8-19,boxscore,TBR,@,LAA,L,6,7,0.592,2,2.5,López,D,1.12,2,0.257,0.329,0.773,8,9,1,3.88,0
791,11,130,2023-8-19,boxscore,TBR,@,LAA,W,18,4,0.595,2,2.5,,N,1.15,-1,0.259,0.33,0.778,19,8,2,3.88,1
792,12,131,2023-8-22,boxscore,TBR,,COL,W,12,4,0.598,2,2.0,,N,1.06,1,0.26,0.332,0.78,15,8,1,3.88,1
793,13,132,2023-8-23,boxscore,TBR,,COL,W-wo,6,5,0.602,2,2.0,,N,1.16,2,0.261,0.332,0.781,11,8,1,3.89,0
794,14,133,2023-8-24,boxscore,TBR,,COL,W,5,3,0.605,2,2.0,Fairbanks,D,1.1,3,0.261,0.332,0.782,8,8,1,3.88,1
795,15,134,2023-8-25,boxscore,TBR,,NYY,L,2,6,0.6,2,3.0,,N,1.0,4,0.26,0.331,0.779,4,11,2,3.9,0
796,16,135,2023-8-26,boxscore,TBR,,NYY,W,3,0,0.603,2,3.0,Fairbanks,D,0.94,-1,0.259,0.33,0.778,7,2,0,3.86,1
797,17,136,2023-8-27,boxscore,TBR,,NYY,W,7,4,0.606,2,2.0,Adam,D,0.91,1,0.26,0.331,0.778,10,4,3,3.87,1
798,18,137,2023-8-29,boxscore,TBR,@,MIA,W,11,2,0.609,2,2.5,,N,0.96,2,0.261,0.332,0.782,15,10,1,3.85,1
799,19,138,2023-8-30,boxscore,TBR,@,MIA,W,3,0,0.612,2,1.5,Fairbanks,N,0.98,3,0.26,0.332,0.779,5,4,0,3.82,1
800,20,140,2023-9-1,boxscore,TBR,@,CLE,L,2,3,0.607,2,1.5,Clase,N,1.06,4,0.259,0.331,0.777,5,8,0,3.82,0
801,21,141,2023-9-2,boxscore,TBR,@,CLE,L-wo,6,7,0.603,2,2.5,,N,1.06,-1,0.259,0.331,0.777,10,13,1,3.83,0
802,22,142,2023-9-3,boxscore,TBR,@,CLE,W,6,2,0.606,2,2.5,Fairbanks,D,0.95,-2,0.26,0.331,0.777,13,5,0,3.81,1
803,23,143,2023-9-4,boxscore,TBR,,BOS,L,3,7,0.601,2,3.5,,D,0.93,1,0.259,0.33,0.775,5,7,2,3.83,0
804,24,144,2023-9-5,boxscore,TBR,,BOS,W-wo,8,6,0.604,2,3.5,,N,0.76,-1,0.259,0.331,0.775,6,11,1,3.82,0
805,25,145,2023-9-6,boxscore,TBR,,BOS,W,3,1,0.607,2,3.5,Fairbanks,N,0.71,1,0.259,0.331,0.775,8,5,0,3.8,1
806,26,146,2023-9-7,boxscore,TBR,,SEA,L,0,1,0.603,2,4.0,Muñoz,N,0.68,2,0.258,0.331,0.773,4,5,0,3.78,0
807,27,147,2023-9-8,boxscore,TBR,,SEA,W,7,4,0.606,2,4.0,Fairbanks,N,0.61,-1,0.258,0.331,0.775,8,7,3,3.78,1
808,28,148,2023-9-9,boxscore,TBR,,SEA,W-wo,7,5,0.608,2,4.0,,D,0.62,1,0.258,0.331,0.775,7,6,1,3.78,0
809,29,149,2023-9-10,boxscore,TBR,,SEA,W,6,3,0.611,2,3.0,Fairbanks,D,0.55,2,0.258,0.331,0.776,11,9,0,3.77,1
810,0,117,2023-8-7,boxscore,TEX,@,OAK,W,5,3,0.593,1,up 3.0,Smith,N,1.4,7,0.272,0.342,0.805,7,6,0,4.12,1
811,1,118,2023-8-8,boxscore,TEX,@,OAK,W,6,1,0.596,1,up 3.0,,N,1.33,7,0.272,0.342,0.807,13,3,1,4.09,1
812,2,119,2023-8-9,boxscore,TEX,@,OAK,L,0,2,0.591,1,up 2.0,May,D,1.3,8,0.271,0.342,0.804,4,7,1,4.08,0
813,3,120,2023-8-11,boxscore,TEX,@,SFG,W,2,1,0.595,1,up 2.5,Smith,N,1.43,-1,0.271,0.341,0.802,6,3,0,4.05,1
814,4,121,2023-8-12,boxscore,TEX,@,SFG,W,9,3,0.598,1,up 2.5,,N,1.4,1,0.272,0.341,0.804,16,9,2,4.04,1
815,5,122,2023-8-13,boxscore,TEX,@,SFG,L-wo,2,3,0.593,1,up 2.5,,D,1.19,2,0.271,0.341,0.802,8,10,2,4.02,0
816,6,123,2023-8-14,boxscore,TEX,,LAA,W,12,0,0.597,1,up 3.5,,N,1.39,-1,0.272,0.342,0.805,13,1,0,3.99,1
817,7,124,2023-8-15,boxscore,TEX,,LAA,W,7,3,0.6,1,up 3.5,,N,1.17,1,0.273,0.342,0.807,11,8,1,3.98,1
818,8,125,2023-8-16,boxscore,TEX,,LAA,L,0,2,0.595,1,up 2.5,Estévez,N,1.18,2,0.271,0.341,0.803,3,8,2,3.96,0
819,9,126,2023-8-18,boxscore,TEX,,MIL,L,8,9,0.59,1,up 2.5,Williams,N,1.35,-1,0.271,0.341,0.804,8,14,1,4.0,0
820,10,127,2023-8-19,boxscore,TEX,,MIL,L,1,6,0.585,1,up 2.5,,D,1.42,-2,0.27,0.34,0.801,5,15,2,4.02,0
821,11,128,2023-8-20,boxscore,TEX,,MIL,L,2,6,0.581,1,up 2.5,Williams,D,1.55,-3,0.27,0.34,0.799,8,7,0,4.04,0
822,12,129,2023-8-21,boxscore,TEX,@,ARI,L-wo,3,4,0.576,1,up 1.5,,N,1.62,-4,0.269,0.339,0.796,5,7,1,4.02,0
823,13,130,2023-8-22,boxscore,TEX,@,ARI,L,3,6,0.571,1,up 0.5,Sewald,N,1.74,-5,0.269,0.339,0.796,13,9,0,4.04,0
824,14,131,2023-8-24,boxscore,TEX,@,MIN,L,5,7,0.567,1,up 1.0,Jax,N,1.82,-6,0.269,0.339,0.797,10,11,5,4.07,0
825,15,132,2023-8-25,boxscore,TEX,@,MIN,L,2,12,0.562,1,Tied,,N,1.94,-7,0.269,0.339,0.796,8,12,3,4.13,0
826,16,133,2023-8-26,boxscore,TEX,@,MIN,W,6,2,0.566,1,Tied,,N,1.93,-8,0.269,0.339,0.797,9,5,1,4.12,1
827,17,134,2023-8-27,boxscore,TEX,@,MIN,L-wo,6,7,0.562,2,1.0,,D,1.98,1,0.269,0.338,0.795,10,8,1,4.11,0
828,18,135,2023-8-28,boxscore,TEX,@,NYM,W,4,3,0.565,2,1.0,Leclerc,N,1.85,-1,0.269,0.338,0.795,10,4,2,4.1,1
829,19,136,2023-8-29,boxscore,TEX,@,NYM,W,2,1,0.568,1,Tied,Chapman,N,1.86,1,0.268,0.338,0.794,6,7,1,4.08,1
830,20,137,2023-8-30,boxscore,TEX,@,NYM,L-wo,5,6,0.564,3,1.0,,N,1.77,2,0.268,0.338,0.793,7,11,3,4.09,0
831,21,139,2023-9-1,boxscore,TEX,,MIN,L,1,5,0.56,3,1.0,,N,1.75,-1,0.267,0.337,0.79,3,7,3,4.09,0
832,22,140,2023-9-2,boxscore,TEX,,MIN,L,7,9,0.556,3,2.0,Duran,N,1.8,-2,0.266,0.337,0.79,9,13,1,4.12,0
833,23,141,2023-9-3,boxscore,TEX,,MIN,W-wo,6,5,0.559,2,1.0,,D,1.84,-3,0.267,0.338,0.793,13,11,1,4.13,0
834,24,142,2023-9-4,boxscore,TEX,,HOU,L,6,13,0.555,3,1.0,,D,2.85,1,0.267,0.337,0.794,9,16,5,4.18,0
835,25,143,2023-9-5,boxscore,TEX,,HOU,L,1,14,0.551,3,2.0,,N,2.95,-1,0.267,0.337,0.792,8,20,6,4.26,0
836,26,144,2023-9-6,boxscore,TEX,,HOU,L,3,12,0.547,3,3.0,,N,2.66,-2,0.266,0.336,0.79,5,14,5,4.31,0
837,27,145,2023-9-8,boxscore,TEX,,OAK,L,3,6,0.543,3,3.0,May,N,1.64,-3,0.266,0.337,0.79,9,10,2,4.32,0
838,28,146,2023-9-9,boxscore,TEX,,OAK,W,3,2,0.546,3,3.0,Chapman,N,1.61,-4,0.266,0.337,0.789,5,7,1,4.31,1
839,29,147,2023-9-10,boxscore,TEX,,OAK,W,9,4,0.549,3,3.0,,D,1.67,1,0.266,0.337,0.792,12,9,1,4.3,1
840,0,118,2023-8-7,boxscore,TOR,@,CLE,W,3,1,0.561,3,7.0,Hicks,N,1.09,4,0.261,0.331,0.752,5,5,0,3.75,1
841,1,119,2023-8-8,boxscore,TOR,@,CLE,L,0,1,0.557,3,7.0,Clase,N,1.11,4,0.261,0.331,0.75,9,3,0,3.73,0
842,2,120,2023-8-9,boxscore,TOR,@,CLE,W,1,0,0.56,3,6.0,Hicks,N,1.13,-1,0.26,0.33,0.749,8,6,0,3.69,1
843,3,121,2023-8-10,boxscore,TOR,@,CLE,L,3,4,0.556,3,7.0,Clase,D,1.23,1,0.261,0.331,0.749,10,5,0,3.7,0
844,4,122,2023-8-11,boxscore,TOR,,CHC,L,2,6,0.551,3,7.0,,N,1.23,-1,0.26,0.33,0.746,5,10,2,3.7,0
845,5,123,2023-8-12,boxscore,TOR,,CHC,L,4,5,0.546,3,8.0,Alzolay,D,1.21,-2,0.26,0.329,0.746,8,7,1,3.71,0
846,6,124,2023-8-13,boxscore,TOR,,CHC,W,11,4,0.55,3,8.0,,D,1.13,-3,0.261,0.331,0.748,14,5,1,3.7,1
847,7,125,2023-8-15,boxscore,TOR,,PHI,W,2,1,0.554,3,7.5,Romano,N,1.1,1,0.26,0.331,0.746,4,4,0,3.68,1
848,8,126,2023-8-16,boxscore,TOR,,PHI,L,4,9,0.549,3,7.5,,N,1.13,2,0.259,0.33,0.744,5,11,3,3.7,0
849,9,127,2023-8-18,boxscore,TOR,@,CIN,L-wo,0,1,0.545,3,8.5,,N,1.15,-1,0.258,0.329,0.741,3,4,1,3.68,0
850,10,128,2023-8-19,boxscore,TOR,@,CIN,W,4,3,0.548,3,8.5,Romano,N,1.08,-2,0.258,0.329,0.741,9,6,1,3.67,1
851,11,129,2023-8-20,boxscore,TOR,@,CIN,W,10,3,0.552,3,8.5,Francis,D,1.15,1,0.258,0.329,0.745,12,7,1,3.65,1
852,12,130,2023-8-22,boxscore,TOR,@,BAL,W,6,3,0.556,3,7.5,Romano,N,1.24,2,0.259,0.329,0.745,12,9,0,3.64,1
853,13,131,2023-8-23,boxscore,TOR,@,BAL,L,0,7,0.551,3,8.5,,N,1.25,3,0.258,0.328,0.742,5,10,2,3.67,0
854,14,132,2023-8-24,boxscore,TOR,@,BAL,L,3,5,0.547,3,9.5,Bautista,N,1.17,-1,0.257,0.328,0.741,6,10,2,3.68,0
855,15,133,2023-8-25,boxscore,TOR,,CLE,L,2,5,0.543,3,10.5,Clase,N,1.08,-2,0.257,0.327,0.741,6,8,3,3.69,0
856,16,134,2023-8-26,boxscore,TOR,,CLE,W,8,3,0.546,3,10.5,,D,1.09,-3,0.257,0.327,0.742,11,5,2,3.68,1
857,17,135,2023-8-27,boxscore,TOR,,CLE,L,7,10,0.542,3,10.5,,D,1.12,1,0.257,0.327,0.743,8,13,2,3.72,0
858,18,136,2023-8-28,boxscore,TOR,,WSN,W,6,3,0.545,3,10.5,Hicks,N,1.08,-1,0.257,0.328,0.743,9,7,0,3.71,1
859,19,137,2023-8-29,boxscore,TOR,,WSN,L,4,5,0.541,3,11.5,Finnegan,N,1.1,1,0.258,0.328,0.744,11,8,2,3.72,0
860,20,138,2023-8-30,boxscore,TOR,,WSN,W,7,0,0.545,3,10.5,,D,1.0,-1,0.258,0.329,0.745,12,5,0,3.69,1
861,21,140,2023-9-1,boxscore,TOR,@,COL,W,13,9,0.548,3,9.5,,N,1.09,1,0.26,0.33,0.75,17,11,2,3.69,1
862,22,141,2023-9-2,boxscore,TOR,@,COL,L,7,8,0.544,3,10.5,Kinley,N,1.15,2,0.26,0.331,0.751,11,11,0,3.69,0
863,23,142,2023-9-3,boxscore,TOR,@,COL,W,7,5,0.547,3,10.5,Romano,D,1.13,-1,0.261,0.332,0.753,12,9,0,3.7,1
864,24,143,2023-9-4,boxscore,TOR,@,OAK,W,6,5,0.551,3,10.5,,D,1.17,1,0.26,0.332,0.753,8,8,4,3.7,1
865,25,144,2023-9-5,boxscore,TOR,@,OAK,W,7,1,0.554,3,10.5,,N,1.21,2,0.261,0.333,0.754,10,7,0,3.68,1
866,26,145,2023-9-6,boxscore,TOR,@,OAK,L,2,5,0.55,3,11.5,May,D,1.04,3,0.26,0.333,0.753,6,8,2,3.69,0
867,27,146,2023-9-8,boxscore,TOR,,KCR,W,5,4,0.553,3,11.5,Romano,N,1.09,-1,0.26,0.333,0.754,9,9,1,3.7,1
868,28,147,2023-9-9,boxscore,TOR,,KCR,W,5,1,0.556,3,11.5,,D,0.93,1,0.26,0.333,0.754,8,2,1,3.68,1
869,29,148,2023-9-10,boxscore,TOR,,KCR,W,5,2,0.559,3,10.5,Romano,D,0.94,2,0.26,0.333,0.753,6,8,0,3.66,1
870,0,118,2023-8-8,boxscore,WSN,@,PHI,W,5,4,0.439,5,22.5,Finnegan,N,0.03,1,0.259,0.318,0.72,8,8,1,4.88,1
871,1,119,2023-8-9,boxscore,WSN,@,PHI,L,0,7,0.435,5,23.5,,N,0.04,1,0.257,0.317,0.716,0,8,3,4.91,0
872,2,120,2023-8-10,boxscore,WSN,@,PHI,L,2,6,0.431,5,23.5,,N,0.03,-1,0.258,0.317,0.715,10,6,3,4.91,0
873,3,121,2023-8-11,boxscore,WSN,,OAK,W,8,2,0.436,5,23.5,,N,0.01,-2,0.258,0.318,0.718,12,6,0,4.89,1
874,4,122,2023-8-12,boxscore,WSN,,OAK,W-wo,3,2,0.441,5,24.0,,N,0.02,1,0.259,0.319,0.719,9,7,2,4.86,0
875,5,123,2023-8-13,boxscore,WSN,,OAK,W-wo,8,7,0.445,5,23.0,,D,0.03,2,0.26,0.32,0.72,14,11,3,4.88,0
876,6,124,2023-8-15,boxscore,WSN,,BOS,L,4,5,0.442,5,24.5,Jansen,N,0.03,3,0.259,0.319,0.719,6,7,1,4.88,0
877,7,125,2023-8-16,boxscore,WSN,,BOS,W,6,2,0.446,5,24.5,,N,0.02,-1,0.259,0.319,0.721,9,4,1,4.86,1
878,8,126,2023-8-17,boxscore,WSN,,BOS,W,10,7,0.451,5,24.0,Finnegan,D,0.03,1,0.259,0.32,0.722,10,11,3,4.88,1
879,9,127,2023-8-18,boxscore,WSN,,PHI,W,8,7,0.455,5,24.0,Finnegan,N,0.04,2,0.26,0.32,0.724,13,10,2,4.89,1
880,10,128,2023-8-19,boxscore,WSN,,PHI,L,3,12,0.452,5,25.0,,D,0.05,3,0.26,0.32,0.722,9,16,5,4.95,0
881,11,129,2023-8-20,boxscore,WSN,,PHI,W,4,3,0.456,5,24.0,Finnegan,N,0.03,-1,0.26,0.32,0.722,9,6,1,4.94,1
882,12,130,2023-8-22,boxscore,WSN,@,NYY,W,2,1,0.46,5,23.5,Finnegan,N,0.04,1,0.26,0.32,0.722,7,2,1,4.9,1
883,13,131,2023-8-23,boxscore,WSN,@,NYY,L,1,9,0.457,5,24.5,,N,0.05,2,0.259,0.319,0.719,3,8,4,4.91,0
884,14,132,2023-8-24,boxscore,WSN,@,NYY,W,6,5,0.461,4,24.0,Finnegan,D,0.02,-1,0.259,0.319,0.72,9,12,3,4.91,1
885,15,133,2023-8-25,boxscore,WSN,@,MIA,W,7,4,0.465,4,24.0,Harvey,N,0.03,1,0.26,0.319,0.721,13,9,0,4.9,1
886,16,134,2023-8-26,boxscore,WSN,@,MIA,W,3,2,0.469,4,24.0,Finnegan,D,0.06,2,0.259,0.319,0.72,5,7,2,4.88,1
887,17,135,2023-8-27,boxscore,WSN,@,MIA,L,1,2,0.466,4,24.0,Scott,D,0.07,3,0.259,0.318,0.718,7,6,1,4.86,0
888,18,136,2023-8-28,boxscore,WSN,@,TOR,L,3,6,0.462,4,25.0,Hicks,N,0.03,-1,0.258,0.318,0.717,7,9,1,4.87,0
889,19,137,2023-8-29,boxscore,WSN,@,TOR,W,5,4,0.466,4,25.0,Finnegan,N,0.02,-2,0.258,0.318,0.717,8,11,1,4.87,1
890,20,138,2023-8-30,boxscore,WSN,@,TOR,L,0,7,0.463,4,26.0,,D,0.04,1,0.257,0.317,0.715,5,12,0,4.89,0
891,21,139,2023-8-31,boxscore,WSN,,MIA,L,1,6,0.459,4,27.0,,N,0.03,-1,0.256,0.316,0.712,3,13,2,4.9,0
892,22,141,2023-9-1,boxscore,WSN,,MIA,L,5,8,0.456,5,28.0,,N,0.01,-2,0.256,0.316,0.712,8,9,1,4.9,0
893,23,142,2023-9-2,boxscore,WSN,,MIA,L,5,11,0.453,5,29.0,,D,0.01,-3,0.256,0.316,0.714,10,18,4,4.93,0
894,24,143,2023-9-3,boxscore,WSN,,MIA,L,4,6,0.449,5,29.0,Scott,D,0.0,-4,0.257,0.316,0.714,10,10,1,4.94,0
895,25,144,2023-9-5,boxscore,WSN,,NYM,L,5,11,0.446,5,29.0,,N,0.0,-5,0.256,0.316,0.713,7,11,5,4.98,0
896,26,145,2023-9-6,boxscore,WSN,,NYM,W-wo,3,2,0.45,5,28.0,,N,0.0,-6,0.256,0.317,0.712,9,8,0,4.96,0
897,27,146,2023-9-8,boxscore,WSN,,LAD,L,5,8,0.447,5,29.5,Phillips,N,0.0,1,0.256,0.316,0.712,6,10,3,4.98,0
898,28,147,2023-9-9,boxscore,WSN,,LAD,W-wo,7,6,0.451,5,28.5,,D,0.0,-1,0.256,0.316,0.711,8,9,1,4.97,0
899,29,148,2023-9-10,boxscore,WSN,,LAD,L,3,7,0.448,5,29.5,,D,0.0,1,0.256,0.316,0.71,9,14,1,4.99,0
